"","Station","State","airportCode","Lat","Lon","Elevation","WMO"
"1","Central","AK","PARL",65.57,-144.8,292,99999
"2","Atka","AK","PAAK",52.22,-174.2,17,99999
"3","Buckland","AK","PABL",65.99,-161.12,0,99999
"4","Portage Glacier","AK","PATO",60.79,-148.83,29,99999
"5","Nivalina","AK","PAVL",67.73,-164.55,3,70148
"6","Golovin","AK","PAGL",64.55,-163.05,8,70199
"7","Kaltag","AK","PAKV",64.32,-158.73,60,99999
"8","Egegik","AK","PAII",58.42,-157.37,119,99999
"9","Koyuk","AK","PAKK",64.95,-160.8,40,99999
"10","Chandalar Lake","AK","PALR",67.5,-148.48,585,99999
"11","Red Dog Mine","AK","PARD",68.03,-162.9,297,99999
"12","Birchwood","AK","PABV",61.42,-149.52,29,99999
"13","Adak NAS","AK","PADK",51.88,-176.65,4,70454
"14","Noatak","AK","PAWN",67.57,-162.98,30,99999
"15","Kodiak","AK","PADQ",57.75,-152.5,34,70350
"16","Anchorage","AK","PANC",61.17,-150.02,40,70273
"17","Annette Island","AK","PANT",55.03,-131.57,34,70398
"18","Barrow","AK","PABR",71.3,-156.78,4,70026
"19","Cold Bay","AK","PACD",55.2,-162.72,31,70316
"20","Dillingham","AK","PADL",59.05,-158.52,29,70321
"21","Fairbanks","AK","PAFA",64.82,-147.87,138,70261
"22","Galbraith Lake","AK","PAGB",68.48,-149.48,814,70063
"23","Homer","AK","PAHO",59.63,-151.5,22,70341
"24","Juneau","AK","PAJN",58.37,-134.58,7,70381
"25","McGrath","AK","PAMC",62.97,-155.62,103,70231
"26","Mekoryuk","AK","PAMY",60.37,-166.27,15,99999
"27","Kuparuk","AK","PAKU",70.32,-149.58,20,99999
"28","Nome","AK","PAOM",64.5,-165.43,7,70200
"29","Kotzebue","AK","PAOT",66.87,-162.63,5,70133
"30","Saint Paul Island","AK","PASN",57.15,-170.22,9,70308
"31","Seldovia","AK","PASO",59.44,-151.7,8,99999
"32","Sheep Mountain","AK","PASP",61.82,-149.38,2959,99999
"33","Talkeetna","AK","PATK",62.3,-150.1,109,70251
"34","Unalakleet","AK","PAUN",63.88,-160.8,6,70207
"35","Point Hope","AK","PAPO",68.35,-166.8,4,99999
"36","Valdez","AK","PAVD",61.13,-146.35,10,70275
"37","Yakutat","AK","PAYA",59.52,-139.67,9,70361
"38","Ambler","AK","PAFM",67.1,-157.85,88,70171
"39","King Salmon","AK","PAKN",58.68,-156.65,15,70326
"40","Cape Lisburne","AK","PALU",68.88,-166.12,4,70104
"41","Shemya AFB","AK","PASY",52.72,174.12,30,70414
"42","Aniak","AK","PANI",61.58,-159.53,26,70232
"43","Bettles","AK","PABT",66.92,-151.52,196,70174
"44","Dutch Harbor","AK","PADU",53.88,-166.53,4,70489
"45","Fort Yukon","AK","PFYU",66.57,-145.27,431,70194
"46","Middleton Island","AK","PAMD",59.43,-146.33,14,70343
"47","Port Heiden","AK","PAPH",56.95,-158.62,29,70333
"48","Deadhorse","AK","PASC",70.2,-148.47,17,70063
"49","Sitka","AK","PASI",57.07,-135.35,20,70371
"50","Cantwell","AK","PATW",63.38,-148.95,668,99999
"51","Arctic Village","AK","PARC",68.12,-145.58,636,99999
"52","Big River Lakes","AK","PALV",60.82,-152.3,12,99999
"53","Bethel","AK","PABE",60.78,-161.8,46,70219
"54","Big Delta","AK","PABI",64,-145.73,388,70267
"55","Barter Island","AK","PABA",70.13,-143.63,15,70086
"56","Eagle","AK","PAEG",64.77,-141.15,268,99999
"57","Metlakatla","AK","PAMM",55.08,-131.35,1,99999
"58","Elfin Cove","AK","PAEL",58.2,-136.35,0,99999
"59","Fairbanks Ft. Wainwright","AK","PAFB",64.84,-147.61,137,99999
"60","Gulkana","AK","PAGK",62.15,-145.45,481,70271
"61","Ketchikan","AK","PAKT",55.35,-131.7,29,70395
"62","Mckinley Park","AK","PAIN",63.73,-148.92,524,99999
"63","Minchumina","AK","PAMH",63.9,-152.27,214,70246
"64","Northway","AK","PAOR",62.97,-141.93,525,70291
"65","Petersburg","AK","PAPG",56.82,-132.97,0,70386
"66","Puntilla Lake","AK","PAPT",62.1,-152.75,560,70249
"67","Sand Point","AK","PASD",55.33,-160.5,7,99999
"68","Seward","AK","PAWD",60.12,-149.45,18,70277
"69","Skagway","AK","PAGY",59.47,-135.3,5,70362
"70","Shishmaref","AK","PASH",66.27,-166.03,2,99999
"71","Tanana","AK","PATA",65.17,-152.1,67,70178
"72","Umiat","AK","PAUM",69.37,-152.13,85,70162
"73","Port Alsworth","AK","PALJ",60.2,-154.3,81,99999
"74","Port Alexander","AK","PAAP",56.25,-134.65,1,99999
"75","Cape Romanzoff","AK","PACZ",61.78,-166.03,139,70212
"76","Cape Newenham","AK","PAEH",58.65,-162.07,165,70305
"77","Galena","AK","PAGA",64.73,-156.93,46,70222
"78","Sparrevohn","AK","PASV",61.1,-155.58,480,70235
"79","Deering","AK","PADE",66.07,-162.77,5,99999
"80","Slana","AK","PADT",62.73,-143.92,738,99999
"81","Cordova","AK","PACV",60.5,-145.5,13,70296
"82","Elmendorf AFB","AK","PAED",61.25,-149.79,59,70272
"83","Kenai","AK","PAEN",60.57,-151.25,29,70259
"84","Nenana","AK","PANN",64.55,-149.08,110,70260
"85","Iliamna","AK","PAIL",59.75,-154.92,49,70340
"86","Chignik","AK","PAJC",56.31,-158.37,20,99999
"87","Lake Hood","AK","PALH",61.18,-149.97,22,99999
"88","Hooper Bay","AK","PAHP",61.52,-166.15,5,99999
"89","Skwentna","AK","PASW",61.97,-151.2,45,70255
"90","Eureka","AK","PAZK",61.94,-147.17,1003,99999
"91","Healy River","AK","PAHV",63.83,-149,396,70264
"92","Hayes River","AK","PAHZ",61.98,-152.08,305,99999
"93","St. Marys","AK","PASM",62.06,-163.3,92,99999
"94","Snowshoe Lake","AK","PALK",62.03,-146.67,735,99999
"95","Whittier","AK","PAWR",60.78,-148.72,9,99999
"96","Anaktuvuk Pass","AK","PAKP",68.08,-151.44,2110,99999
"97","Anvik","AK","PANV",62.39,-160.11,99,99999
"98","Huslia","AK","PAHS",65.42,-156.23,180,99999
"99","Hydaburg","AK","PAHY",55.12,-132.5,0,99999
"100","Kake","AK","PAFE",56.97,-133.95,9,99999
"101","Anchorage Merrill","AK","PAMR",61.22,-149.85,42,99999
"102","Palmer","AK","PAAQ",61.6,-149.08,71,70274
"103","Sleetmute","AK","PASL",61.43,-157.09,178,99999
"104","Soldotna","AK","PASX",60.28,-151.02,107,99999
"105","St. George","AK","PAPB",56.58,-169.66,17,99999
"106","Togiak","AK","PATG",59.05,-160.4,4,99999
"107","Valdez","AK","PAVW",61.13,-146.35,10,70275
"108","Selawik","AK","PASK",66.3,-159.6,25,99999
"109","Wrangell","AK","PAWG",56.48,-132.37,13,70387
"110","Wasilla","AK","PAWS",61.57,-149.54,106,99999
"111","Chulitna","AK","PAEC",62.88,-149.83,381,99999
"112","Willow","AK","PAUO",61.75,-150.05,67,70372
"113","Haines Harbor","AK","PAHN",59.23,-135.43,10,99999
"114","Nabesna","AK","PABN",62.97,-141.88,119,99999
"115","Sutton","AK","PAJV",61.72,-148.88,168,70269
"116","Fairbanks Eiels","AK","PAEI",64.67,-147.1,167,70265
"117","Tin City","AK","PATC",65.57,-167.92,82,70117
"118","Tatalina","AK","PATL",62.9,-155.98,294,99999
"119","Emmonak","AK","PAEM",62.77,-164.52,3,99999
"120","Klawock","AK","PAKW",55.58,-133.07,15,99999
"121","Gustavus","AK","PAGS",58.42,-135.73,9,70367
"122","McCarthy","AK","PAMX",61.43,-142.92,455,99999
"123","Savoonga","AK","PASA",63.68,-170.5,16,99999
"124","Hoonah","AK","PAOH",58.1,-135.45,0,99999
"125","Indian Mountain","AK","PAIM",66,-153.7,375,70173
"126","Nuiqsut","AK","PAQT",70.21,-150.99,17,99999
"127","Alabaster","AL","KEET",33.18,-86.78,178,99999
"128","Anniston","AL","KANB",33.58,-85.85,186,99999
"129","Auburn-Opelika","AL","KAUO",32.62,-85.43,236,99999
"130","Mobile Downtown","AL","KBFM",30.63,-88.07,8,99999
"131","Birmingham","AL","KBHM",33.57,-86.75,192,72228
"132","Centreville","AL","KCKL",32.9,-87.25,140,72229
"133","Decatur","AL","KDCU",34.65,-86.95,180,99999
"134","Dothan","AL","KDHN",31.32,-85.45,122,99999
"135","Evergreen","AL","KGZH",31.42,-87.04,79,99999
"136","Gadsden","AL","KGAD",33.97,-86.08,173,99999
"137","Huntsville","AL","KHSV",34.65,-86.77,196,72323
"138","Montgomery","AL","KMGM",32.3,-86.4,62,72226
"139","Mobile","AL","KMOB",30.68,-88.25,67,72223
"140","Muscle Shoals","AL","KMSL",34.75,-87.62,168,99999
"141","Maxwell AFB","AL","KMXF",32.38,-86.37,51,99999
"142","Ozark","AL","KOZR",31.28,-85.72,91,99999
"143","Tuscaloosa","AL","KTCL",33.22,-87.62,52,99999
"144","Troy","AL","KTOI",31.87,-86.02,121,99999
"145","Searcy","AR","KSRC",35.21,-91.74,80,99999
"146","NW Arkansas Airport","AR","KXNA",36.28,-94.31,392,99999
"147","Mount Ida","AR","KMWT",34.55,-93.58,214,99999
"148","Russellville","AR","KRUE",35.26,-93.09,115,99999
"149","Walnut Ridge","AR","KARG",36.13,-90.92,83,99999
"150","Springdale","AR","KASG",36.18,-94.12,412,99999
"151","Batesville","AR","KBVX",35.73,-91.65,141,99999
"152","Blytheville","AR","KBYH",35.97,-89.95,78,99999
"153","El Dorado","AR","KELD",33.22,-92.8,77,99999
"154","Flippin","AR","KFLP",36.3,-92.47,350,99999
"155","Fort Smith","AR","KFSM",35.33,-94.37,141,72344
"156","Fayetteville","AR","KFYV",36,-94.17,381,99999
"157","Hot Springs","AR","KHOT",34.48,-93.1,165,99999
"158","Harrison","AR","KHRO",36.27,-93.15,416,99999
"159","Jonesboro","AR","KJBR",35.83,-90.65,80,99999
"160","Little Rock","AR","KLIT",34.73,-92.23,79,99999
"161","Little Rock AFB","AR","KLRF",34.92,-92.15,95,99999
"162","Pine Bluff","AR","KPBF",34.18,-91.93,63,99999
"163","Rogers","AR","KROG",36.37,-94.1,415,99999
"164","Stuttgart","AR","KSGT",34.6,-91.57,68,99999
"165","Siloam Spring","AR","KSLG",36.2,-94.48,300,99999
"166","Texarkana","AR","KTXK",33.45,-93.98,119,99999
"167","Bentonville","AR","KVBT",36.35,-94.22,395,99999
"168","Mountain Home","AR","KBPK",36.37,-92.47,280,99999
"169","Blytheville","AR","KHKA",35.94,-89.83,78,99999
"170","Monticello","AR","KLLQ",33.64,-91.76,83,99999
"171","Casa Grande","AZ","KCGZ",32.95,-111.77,446,99999
"172","Tucson Davis Monthan","AZ","KDMA",32.17,-110.88,824,99999
"173","Douglas Bisbee","AZ","KDUG",31.47,-109.6,1265,99999
"174","Phoenix Deer Valley","AZ","KDVT",33.68,-112.08,450,99999
"175","Safford","AZ","KSAD",32.82,-109.68,950,99999
"176","Mesa","AZ","KFFZ",33.47,-111.73,424,99999
"177","Sierra Vista","AZ","KFHU",31.6,-110.35,1438,72273
"178","Flagstaff","AZ","KFLG",35.13,-111.67,2137,99999
"179","Gila Bend","AZ","KGBN",32.88,-112.72,262,74724
"180","Grand Canyon","AZ","KGCN",35.95,-112.15,2014,99999
"181","Goodyear","AZ","KGYR",33.42,-112.38,295,99999
"182","Bullhead City","AZ","KIFP",35.1,-114.34,9999,99999
"183","Kingman","AZ","KIGM",35.27,-113.95,1033,72370
"184","Winslow","AZ","KINW",35.02,-110.73,1488,72374
"185","Williams AFB","AZ","KIWA",33.32,-111.65,422,99999
"186","Glendale Luke AFB","AZ","KLUF",33.53,-112.38,332,99999
"187","Nogales","AZ","KOLS",31.42,-110.85,1198,99999
"188","Yuma MCAS","AZ","KNYL",32.65,-114.62,65,99999
"189","Page","AZ","KPGA",36.93,-111.45,1304,72371
"190","Phoenix","AZ","KPHX",33.43,-112.02,337,72278
"191","Prescott","AZ","KPRC",34.65,-112.42,1537,99999
"192","Scottsdale","AZ","KSDL",33.62,-111.92,460,99999
"193","St. Johns","AZ","KSJN",34.52,-109.38,1747,99999
"194","Show Low","AZ","KSOW",34.27,-110,1954,99999
"195","Tucson","AZ","KTUS",32.12,-110.93,779,72274
"196","Valle","AZ","K40G",35.65,-112.15,1829,99999
"197","Yuma","AZ","KYUM",32.5,-114.4,231,99999
"198","Window Rock","AZ","KRQE",35.66,-109.06,2056,99999
"199","Avalon","CA","KAVX",33.4,-118.42,488,99999
"200","Newhall","CA","K3A6",34.37,-118.57,300,99999
"201","Ramona","CA","KRNM",33.04,-116.91,424,99999
"202","Point Piedras","CA","K87Q",35.67,-121.28,21,72390
"203","Arcata","CA","KACV",40.98,-124.1,66,99999
"204","Napa County","CA","KAPC",38.22,-122.28,10,99999
"205","Beale AFB","CA","KBAB",39.13,-121.43,34,99999
"206","Bakersfield","CA","KBFL",35.43,-119.05,150,72384
"207","Bishop","CA","KBIH",37.37,-118.37,1263,72480
"208","Blythe","CA","KBLH",33.62,-114.72,121,99999
"209","Blue Canyon","CA","KBLU",39.28,-120.72,1611,99999
"210","Burney","CA","KBNY",40.88,-121.67,957,99999
"211","Beaumont","CA","KBUO",33.93,-116.97,692,99999
"212","Burbank","CA","KBUR",34.2,-118.35,236,72288
"213","Concord","CA","KCCR",37.98,-122.05,7,99999
"214","Crescent City","CA","KCEC",41.78,-124.23,17,99999
"215","Chico","CA","KCIC",39.8,-121.85,73,99999
"216","Camarillo","CA","KCMA",34.22,-119.08,23,99999
"217","Chino","CA","KCNO",33.97,-117.63,198,99999
"218","Carlsbad","CA","KCRQ",33.13,-117.28,100,99999
"219","Campo","CA","KCZZ",32.62,-116.47,802,99999
"220","Daggett-Barstow","CA","KDAG",34.85,-116.78,587,99999
"221","Edwards AFB","CA","KEDW",34.9,-117.88,702,72381
"222","Needles","CA","KEED",34.77,-114.62,302,99999
"223","Eureka","CA","KEKA",40.8,-124.17,18,72594
"224","El Monte","CA","KEMT",34.08,-118.03,90,99999
"225","Fresno","CA","KFAT",36.77,-119.72,100,72389
"226","Fullerton","CA","KFUL",33.87,-117.98,29,99999
"227","Hawthorne","CA","KHHR",33.92,-118.33,19,99999
"228","Hanford","CA","KHJO",36.32,-119.63,74,99999
"229","Hayward","CA","KHWD",37.67,-122.12,14,99999
"230","Imperial","CA","KIPL",32.83,-115.58,17,99999
"231","Santa Ynez","CA","KIZA",34.6,-120.07,205,99999
"232","Los Angeles","CA","KLAX",33.93,-118.4,32,72295
"233","Los Angeles Downtown","CA","KCQT",34.05,-118.24,78,99999
"234","Long Beach","CA","KLGB",33.82,-118.15,12,72297
"235","Lompoc","CA","KLPC",34.67,-120.47,27,99999
"236","Livermore","CA","KLVK",37.7,-121.82,121,99999
"237","Merced","CA","KMCE",37.28,-120.52,47,99999
"238","Mather AFB","CA","KMHR",38.55,-121.3,29,99999
"239","Mount Shasta","CA","KMHS",41.32,-122.32,1080,99999
"240","Mojave","CA","KMHV",35.07,-118.15,849,99999
"241","Mammoth","CA","KMMH",37.62,-118.83,2173,99999
"242","Modesto City","CA","KMOD",37.63,-120.95,30,99999
"243","Monterey","CA","KMRY",36.58,-121.85,77,99999
"244","Mount Wilson","CA","KMWS",34.23,-118.07,1739,72289
"245","San Diego Montgomery","CA","KMYF",32.82,-117.13,129,99999
"246","Marysville","CA","KMYV",39.1,-121.57,19,99999
"247","Camp Pendleton","CA","KNFG",33.3,-117.35,24,99999
"248","China Lake","CA","KNID",35.68,-117.68,696,74612
"249","El Centro","CA","KNJK",32.82,-115.68,13,72281
"250","Miramar MCAS","CA","KNKX",32.85,-117.12,128,72293
"251","Lemoore NAS","CA","KNLC",36.33,-119.95,72,74702
"252","Imperial Beach","CA","KNRS",32.57,-117.12,7,99999
"253","San Nicolas Island","CA","KNSI",33.23,-119.45,154,72291
"254","Point Mugu","CA","KNTD",34.12,-119.12,2,72391
"255","Moffett NAS","CA","KNUQ",37.42,-122.05,12,74509
"256","Twentynine Palms","CA","KNXP",34.3,-116.17,626,69015
"257","North Island","CA","KNZY",32.7,-117.22,8,99999
"258","Shelter Cove","CA","KO87",40.02,-124.07,21,99999
"259","Oakland","CA","KOAK",37.73,-122.22,3,72493
"260","Ontario","CA","KONT",34.05,-117.6,287,99999
"261","Oroville","CA","KOVE",39.49,-121.62,59,99999
"262","Oxnard","CA","KOXR",34.2,-119.2,13,99999
"263","Inyokern","CA","KIYK",35.66,-117.83,748,99999
"264","Palo Alto","CA","KPAO",37.47,-122.12,2,99999
"265","Palmdale","CA","KPMD",34.63,-118.08,774,72382
"266","La Verne","CA","KPOC",34.1,-117.78,308,99999
"267","Paso Robles","CA","KPRB",35.67,-120.63,255,99999
"268","Palm Springs","CA","KPSP",33.83,-116.5,141,99999
"269","Porterville","CA","KPTV",36.03,-119.07,135,99999
"270","Riverside","CA","KRAL",33.95,-117.45,249,99999
"271","Red Bluff","CA","KRBL",40.15,-122.25,108,72591
"272","Redding","CA","KRDD",40.5,-122.3,153,72592
"273","San Jose Reid","CA","KRHV",37.33,-121.82,41,99999
"274","Riverside March","CA","KRIV",33.88,-117.27,469,72286
"275","Alturas","CA","KAAT",41.5,-120.53,1341,99999
"276","Sacramento","CA","KSAC",38.52,-121.5,8,72483
"277","San Diego","CA","KSAN",32.73,-117.17,9,72290
"278","Santa Barbara","CA","KSBA",34.43,-119.83,3,99999
"279","San Luis Obispo","CA","KSBP",35.23,-120.63,64,99999
"280","Stockton","CA","KSCK",37.9,-121.25,8,72492
"281","Sandberg","CA","KSDB",34.75,-118.73,1379,72383
"282","San Diego Brown","CA","KSDM",32.57,-116.98,160,99999
"283","San Diego Gille","CA","KSEE",32.83,-116.97,117,99999
"284","San Francisco","CA","KSFO",37.62,-122.38,5,72494
"285","Montague","CA","KSIY",41.78,-122.47,807,99999
"286","San Jose","CA","KSJC",37.37,-121.93,17,74505
"287","Los Alamitos","CA","KSLI",33.78,-118.05,11,99999
"288","Sacramento International","CA","KSMF",38.7,-121.58,7,99999
"289","Santa Monica","CA","KSMO",34.02,-118.45,53,99999
"290","Santa Maria","CA","KSMX",34.9,-120.45,73,72394
"291","Santa Ana","CA","KSNA",33.68,-117.87,16,99999
"292","Salinas","CA","KSNS",36.67,-121.6,26,99999
"293","San Carlos","CA","KSQL",37.52,-122.25,1,99999
"294","Santa Rosa","CA","KSTS",38.52,-122.82,38,99999
"295","Fairfield","CA","KSUU",38.27,-121.93,19,74516
"296","Susanville","CA","KSVE",40.38,-120.57,1263,99999
"297","Torrance","CA","KTOA",33.8,-118.33,31,99999
"298","Truckee-Tahoe","CA","KTRK",39.32,-120.13,1798,99999
"299","Thermal","CA","KTRM",33.63,-116.17,36,99999
"300","South Lake Tahoe","CA","KTVL",38.9,-120,1909,99999
"301","Ukiah","CA","KUKI",39.13,-123.2,187,99999
"302","Vacaville","CA","KVCB",38.38,-121.96,35,99999
"303","Vandenberg AFB","CA","KVBG",34.73,-120.58,112,72393
"304","Visalia","CA","KVIS",36.32,-119.4,89,99999
"305","Van Nuys","CA","KVNY",34.22,-118.48,244,99999
"306","Lancaster","CA","KWJF",34.73,-118.22,715,99999
"307","Vandenberg","CA","KXVW",34.72,-120.57,100,99999
"308","Oceanside","CA","KOKB",33.22,-117.35,8,99999
"309","Madera","CA","KMAE",36.99,-120.11,77,99999
"310","Watsonville","CA","KWVI",36.94,-121.79,43,99999
"311","Rifle","CO","KRIL",39.53,-107.8,1622,99999
"312","Air Force Academy","CO","KAFF",38.97,-104.82,2003,74531
"313","Akron","CO","KAKO",40.17,-103.22,1431,99999
"314","Alamosa","CO","KALS",37.45,-105.87,2299,72462
"315","Denver Centennial","CO","KAPA",39.57,-104.85,1793,99999
"316","Aspen","CO","KASE",39.22,-106.87,2382,99999
"317","Broomfield","CO","KBJC",39.92,-105.12,1724,99999
"318","Aurora","CO","KBKF",39.72,-104.75,1726,99999
"319","Burlington","CO","KITR",39.24,-102.29,1285,99999
"320","Craig","CO","KCAG",40.5,-107.52,2438,72570
"321","Cortez","CO","KCEZ",37.3,-108.63,1803,99999
"322","Colorado Springs","CO","KCOS",38.82,-104.72,1881,72466
"323","Denver","CO","KDEN",39.87,-104.67,1656,72565
"324","Durango","CO","KDRO",37.15,-107.75,2038,99999
"325","Eagle","CO","KEGE",39.65,-106.92,1993,99999
"326","Fort Carson","CO","KFCS",38.68,-104.77,1789,72468
"327","Fort Collins","CO","KFNL",40.45,-105.02,1529,99999
"328","Grand Junction","CO","KGJT",39.12,-108.53,1475,72476
"329","Gunnison","CO","KGUC",38.53,-106.93,2339,99999
"330","Greeley","CO","KGXY",40.43,-104.63,1420,99999
"331","Hayden","CO","KHDN",40.48,-107.22,2012,99999
"332","Lamar","CO","KLAA",38.07,-102.68,1129,99999
"333","La Junta","CO","KLHX",38.05,-103.52,1292,99999
"334","Limon","CO","KLIC",39.27,-103.67,1635,99999
"335","Leadville","CO","KLXV",39.22,-106.32,3026,99999
"336","Meeker","CO","KEEO",40.05,-107.89,1957,99999
"337","Montrose","CO","KMTJ",38.5,-107.9,1755,99999
"338","Pueblo","CO","KPUB",38.28,-104.52,1439,72464
"339","Trinidad","CO","KTAD",37.27,-104.33,1756,99999
"340","Telluride","CO","KTEX",37.95,-107.9,2767,99999
"341","Springfield","CO","KSPD",37.28,-102.61,1335,99999
"342","Meriden","CT","KMMK",41.51,-72.83,31,99999
"343","Hartford","CT","KBDL",41.93,-72.68,55,72508
"344","Bridgeport","CT","KBDR",41.17,-73.13,5,72504
"345","Danbury","CT","KDXR",41.37,-73.48,139,99999
"346","Groton","CT","KGON",41.33,-72.05,3,99999
"347","Hartford Brainard","CT","KHFD",41.73,-72.65,6,99999
"348","New Haven","CT","KHVN",41.27,-72.88,4,99999
"349","Willimantic","CT","KIJD",41.75,-72.18,148,99999
"350","Oxford","CT","KOXC",41.48,-73.13,222,99999
"351","Dover AFB","DE","KDOV",39.13,-75.47,9,99999
"352","Georgetown","DE","KGED",38.69,-75.36,15,99999
"353","Wilmington","DE","KILG",39.68,-75.6,24,99999
"354","Tampa Vandenberg","FL","KVDF",28.01,-82.35,7,99999
"355","Kissimmee","FL","KISM",28.23,-81.44,25,99999
"356","Stuart","FL","KSUA",27.18,-80.22,5,99999
"357","Hollywood","FL","KHWO",26,-80.24,3,99999
"358","Pompano Beach","FL","KPMP",26.25,-80.11,6,99999
"359","Naples","FL","KAPF",26.15,-81.77,3,99999
"360","Apalachicola","FL","KAAF",29.73,-85.03,6,72220
"361","Brooksville","FL","KBKV",28.47,-82.45,20,99999
"362","Bartow","FL","KBOW",27.95,-81.78,39,99999
"363","Crestview","FL","KCEW",30.78,-86.52,65,99999
"364","Cocoa","FL","KCOF",28.23,-80.6,3,74795
"365","Jacksonville Craig","FL","KCRG",30.33,-81.52,12,99999
"366","Cross City","FL","KCTY",29.62,-83.1,13,72212
"367","Daytona Beach","FL","KDAB",29.18,-81.05,11,99999
"368","Destin","FL","KDTS",30.4,-86.47,6,99999
"369","Key West","FL","KEYW",24.55,-81.75,6,72201
"370","Ft Lauderdale","FL","KFLL",26.07,-80.15,7,99999
"371","Fort Myers","FL","KFMY",26.58,-81.87,5,99999
"372","Ft Pierce","FL","KFPR",27.5,-80.37,7,99999
"373","Fort Lauderdale","FL","KFXE",26.2,-80.17,4,99999
"374","Winter Haven","FL","KGIF",28.05,-81.75,44,99999
"375","Gainesville","FL","KGNV",29.68,-82.27,46,99999
"376","Hurlburt Field","FL","KHRT",30.43,-86.68,12,74777
"377","Homestead AFB","FL","KHST",25.48,-80.38,2,99999
"378","Jacksonville","FL","KJAX",30.5,-81.7,9,72206
"379","Lakeland Region","FL","KLAL",27.98,-82.02,43,99999
"380","Leesburg","FL","KLEE",28.82,-81.81,30,99999
"381","Tampa Macdill AFB","FL","KMCF",27.85,-82.52,4,74788
"382","Orlando International","FL","KMCO",28.43,-81.32,32,72205
"383","Miami","FL","KMIA",25.82,-80.28,4,72202
"384","Melbourne","FL","KMLB",28.1,-80.65,11,72204
"385","Marathon","FL","KMTH",24.73,-81.05,2,99999
"386","Marianna","FL","KMAI",30.84,-85.18,34,99999
"387","Jacksonville NAS","FL","KNIP",30.23,-81.68,7,99999
"388","Pensacola NAS","FL","KNPA",30.35,-87.32,9,99999
"389","Key West NAS","FL","KNQX",24.57,-81.68,2,99999
"390","Mayport NS","FL","KNRB",30.4,-81.42,5,99999
"391","Whiting Fld NAS","FL","KNSE",30.72,-87.02,61,99999
"392","Cecil Field","FL","KVQQ",30.22,-81.88,25,99999
"393","Ocala","FL","KOCF",29.17,-82.22,27,99999
"394","Opa Locka","FL","KOPF",25.9,-80.28,3,99999
"395","Orlando","FL","KORL",28.55,-81.33,34,99999
"396","Panama City Tyndall AFB","FL","KPAM",30.07,-85.58,5,74775
"397","West Palm Beach","FL","KPBI",26.68,-80.12,6,72203
"398","Panama City","FL","KPFN",30.22,-85.68,6,99999
"399","Perry","FL","K40J",30.07,-83.58,14,99999
"400","Punta Gorda","FL","KPGD",26.92,-81.99,11,99999
"401","St. Petersburg International","FL","KPIE",27.92,-82.68,3,99999
"402","Pensacola","FL","KPNS",30.47,-87.18,37,99999
"403","Fort Myers International","FL","KRSW",26.53,-81.75,9,99999
"404","Sanford","FL","KSFB",28.78,-81.23,17,99999
"405","St. Augustine","FL","KSGJ",29.97,-81.33,3,99999
"406","St. Petersburg","FL","KSPG",27.77,-82.63,2,99999
"407","Sarasota","FL","KSRQ",27.4,-82.55,9,99999
"408","Titusville","FL","KTIX",28.52,-80.8,11,99999
"409","Tallahassee","FL","KTLH",30.38,-84.37,21,72214
"410","Kendall","FL","KTMB",25.65,-80.43,3,99999
"411","Tampa","FL","KTPA",27.97,-82.53,3,72211
"412","Nasa Shuttle","FL","KTTS",28.62,-80.72,3,99999
"413","Valparaiso","FL","KVPS",30.48,-86.53,26,72221
"414","Vero Beach","FL","KVRB",27.65,-80.42,8,99999
"415","Winder","GA","KWDR",33.99,-83.67,287,99999
"416","Lawrenceville","GA","KLZU",33.98,-83.97,323,99999
"417","Marietta McCollum Field","GA","KRYY",34.01,-84.6,317,99999
"418","Thomaston","GA","KOPN",32.95,-84.27,243,99999
"419","La Grange","GA","KLGC",33.02,-85.07,211,99999
"420","Cartersville","GA","KVPC",34.13,-84.85,229,99999
"421","Vidalia","GA","KVDI",32.19,-82.37,84,99999
"422","Albany","GA","KABY",31.53,-84.18,59,72216
"423","Augusta Bush","GA","KAGS",33.37,-81.97,45,72218
"424","Athens","GA","KAHN",33.95,-83.32,247,72311
"425","Alma","GA","KAMG",31.53,-82.5,61,99999
"426","Atlanta","GA","KATL",33.65,-84.42,315,72219
"427","Waycross","GA","KAYS",31.25,-82.4,46,72213
"428","Brunswick","GA","KBQK",31.25,-81.47,8,99999
"429","Columbus","GA","KCSG",32.52,-84.93,121,99999
"430","Augusta","GA","KDNL",33.4,-82,9999,99999
"431","Peachtree City","GA","KFFC",33.34,-84.57,265,99999
"432","Atlanta Fulton","GA","KFTY",33.78,-84.52,256,99999
"433","Dalton","GA","KDNN",34.72,-84.87,216,99999
"434","Gainesville","GA","KGVL",34.32,-83.83,38,99999
"435","Ft. Stewart","GA","KLHW",31.88,-81.57,14,72209
"436","Fort Benning","GA","KLSF",32.33,-84.83,71,72225
"437","Macon","GA","KMCN",32.7,-83.65,110,72217
"438","Marietta","GA","KMGE",33.92,-84.52,326,72227
"439","Newnan","GA","KCCO",33.31,-84.77,296,99999
"440","Atlanta Dekalb","GA","KPDK",33.88,-84.3,305,99999
"441","Rome","GA","KRMG",34.35,-85.17,196,72320
"442","Savannah","GA","KSAV",32.13,-81.2,15,72207
"443","Saint Simons Island","GA","KSSI",31.15,-81.38,6,99999
"444","Savannah Hunter","GA","KSVN",32.02,-81.15,13,99999
"445","Valdosta","GA","KVAD",30.97,-83.2,71,74781
"446","Valdosta Regional","GA","KVLD",30.78,-83.28,62,99999
"447","Warner Robins","GA","KWRB",32.63,-83.6,90,99999
"448","Hana","HI","PHHN",20.78,-156.02,24,91190
"449","Wheeler AFB","HI","PHHI",21.47,-158.02,290,91170
"450","Bradshaw AFB","HI","PHSF",19.78,-155.55,1887,99999
"451","Honolulu","HI","PHNL",21.35,-157.93,5,91182
"452","Hilo","HI","PHTO",19.72,-155.07,11,91285
"453","Lahaina","HI","PHJH",21.02,-156.63,40,99999
"454","Keahole Point","HI","PHKO",19.73,-156.05,13,99999
"455","Lihue","HI","PHLI",21.98,-159.35,45,91165
"456","Lanai City","HI","PHNY",20.78,-156.95,399,99999
"457","Molokai","HI","PHMK",21.15,-157.1,137,91186
"458","Kahului","HI","PHOG",20.9,-156.43,20,91190
"459","Oahu Kalaeola","HI","PHJR",21.32,-158.07,15,91178
"460","Kaneohe MCBH","HI","PHNG",21.45,-157.77,3,91176
"461","Harlan","IA","KHNR",41.58,-95.34,375,99999
"462","Audubon","IA","KADU",41.7,-94.92,392,99999
"463","Atlantic","IA","KAIO",41.4,-95.05,347,99999
"464","Waterloo","IA","KALO",42.55,-92.4,268,72548
"465","Washington","IA","KAWG",41.28,-91.67,226,99999
"466","Algona","IA","KAXA",43.08,-94.27,364,99999
"467","Ames","IA","KAMW",41.99,-93.62,376,99999
"468","Ankeny","IA","KIKV",41.68,-93.57,277,99999
"469","Boone","IA","KBNW",42.06,-93.86,345,99999
"470","Burlington","IA","KBRL",40.78,-91.13,213,99999
"471","Clarion","IA","KCAV",42.75,-93.77,345,99999
"472","Council Bluffs","IA","KCBF",41.27,-95.77,373,99999
"473","Charles City","IA","KCCY",43.08,-92.62,342,99999
"474","Cedar Rapids","IA","KCID",41.88,-91.7,265,72545
"475","Carroll","IA","KCIN",42.05,-94.78,360,99999
"476","Chariton","IA","KCNC",41.02,-93.37,315,99999
"477","Creston","IA","KCSQ",41.02,-94.36,395,99999
"478","Clinton","IA","KCWI",41.83,-90.33,216,99999
"479","Dubuque","IA","KDBQ",42.4,-90.7,329,72547
"480","Decorah","IA","KDEH",43.28,-91.73,353,99999
"481","Denison","IA","KDNS",41.98,-95.38,381,99999
"482","Des Moines","IA","KDSM",41.53,-93.65,294,72546
"483","Davenport","IA","KDVN",41.62,-90.58,228,99999
"484","Webster City","IA","KEBS",42.44,-93.87,339,99999
"485","Keokuk","IA","KEOK",40.47,-91.43,202,99999
"486","Estherville","IA","KEST",43.4,-94.75,401,99999
"487","Fairfield","IA","KFFL",41.05,-91.98,240,99999
"488","Fort Dodge","IA","KFOD",42.55,-94.18,355,72549
"489","Fort Madison","IA","KFSW",40.67,-91.33,221,99999
"490","Clarinda","IA","KICL",40.71,-95.03,294,99999
"491","Iowa City","IA","KIOW",41.63,-91.55,204,99999
"492","Lamoni","IA","KLWD",40.63,-93.9,345,99999
"493","Le Mars","IA","KLRJ",42.78,-96.2,359,99999
"494","Mason City","IA","KMCW",43.15,-93.33,370,99999
"495","Marshalltown","IA","KMIW",42.11,-92.91,297,99999
"496","Muscatine","IA","KMUT",41.37,-91.13,164,99999
"497","Monticello","IA","KMXO",42.23,-91.17,252,99999
"498","Oelwein","IA","KOLZ",42.68,-91.98,324,99999
"499","Orange City","IA","KORC",43,-96.08,424,99999
"500","Ottumwa","IA","KOTM",41.1,-92.45,258,99999
"501","Knoxville","IA","KOXV",41.3,-93.12,278,99999
"502","Red Oak","IA","KRDK",41.01,-95.26,318,99999
"503","Shenandoah","IA","KSDA",40.75,-95.42,585,99999
"504","Sheldon","IA","KSHL",43.21,-95.83,434,99999
"505","Spencer","IA","KSPW",43.17,-95.2,517,99999
"506","Storm Lake","IA","KSLB",42.61,-95.24,452,99999
"507","Sioux City","IA","KSUX",42.4,-96.38,336,72557
"508","Newton","IA","KTNU",41.67,-93.02,283,99999
"509","Malta","ID","K77M",42.32,-113.33,1375,99999
"510","Boise","ID","KBOI",43.57,-116.22,874,72681
"511","Burley","ID","KBYI",42.55,-113.77,1265,99999
"512","Coeur d'Alene","ID","KCOE",47.77,-116.82,707,99999
"513","Caldwell","ID","KEUL",43.63,-116.63,740,99999
"514","Idaho Falls","ID","KIDA",43.52,-112.07,1445,99999
"515","Jerome","ID","KJER",42.73,-114.46,1234,99999
"516","Lewiston","ID","KLWS",46.38,-117.02,438,72783
"517","Malad City","ID","KMLD",42.17,-112.3,1373,99999
"518","Mullan Pass","ID","KMLP",47.45,-115.68,1837,99999
"519","Mountain Home","ID","KMUO",43.05,-115.87,913,99999
"520","McCall","ID","KMYL",44.88,-116.1,1531,99999
"521","Lowell","ID","KP69",45.82,-115.43,1249,99999
"522","Pocatello","ID","KPIH",42.92,-112.6,1365,72578
"523","Spencer","ID","KS14",44.35,-112.18,1800,99999
"524","Salmon","ID","KSMN",45.12,-113.88,1233,99999
"525","Hailey","ID","KSUN",43.5,-114.3,1620,99999
"526","Twin Falls","ID","KTWF",42.48,-114.48,1265,99999
"527","Challis","ID","KLLJ",44.52,-114.22,1546,99999
"528","Rexburg","ID","KRXE",43.83,-111.81,1481,99999
"529","Soda Springs","ID","KU78",42.65,-111.58,1780,99999
"530","Stanley","ID","KSNT",44.21,-114.93,1951,99999
"531","Alton","IL","KALN",38.9,-90.05,166,99999
"532","Aurora","IL","KARR",41.77,-88.47,215,99999
"533","Belleville","IL","KBLV",38.55,-89.85,138,99999
"534","Bloomington","IL","KBMI",40.48,-88.92,267,99999
"535","Champaign","IL","KCMI",40.03,-88.28,230,99999
"536","Cahokia","IL","KCPS",38.57,-90.15,126,99999
"537","Decatur","IL","KDEC",39.83,-88.87,208,99999
"538","Chicago DuPage","IL","KDPA",41.92,-88.25,231,99999
"539","Chicago Meigs","IL","KCGX",41.87,-87.6,181,99999
"540","Lawrenceville","IL","KLWV",38.76,-87.61,169,99999
"541","Carbondale","IL","KMDH",37.78,-89.25,125,99999
"542","Chicago Midway","IL","KMDW",41.78,-87.75,190,72534
"543","Moline","IL","KMLI",41.45,-90.52,181,72544
"544","Marseilles","IL","KMMO",41.37,-88.68,225,74460
"545","Mount Vernon","IL","KMVN",38.32,-88.87,146,99999
"546","Mattoon","IL","KMTO",39.48,-88.28,220,99999
"547","Marion Regional","IL","KMWA",37.75,-89.02,144,99999
"548","Chicago","IL","KORD",41.98,-87.9,205,72530
"549","Peoria Regional","IL","KPIA",40.67,-89.68,202,72532
"550","Chicago Palwauk","IL","KPWK",42.12,-87.92,197,99999
"551","Rockford","IL","KRFD",42.2,-89.1,226,72543
"552","Springfield","IL","KSPI",39.85,-89.67,187,72439
"553","Sterling","IL","KSQI",41.75,-89.67,197,99999
"554","Waukegan","IL","KUGN",42.42,-87.87,222,99999
"555","Quincy","IL","KUIN",39.95,-91.2,234,99999
"556","Anderson","IN","KAID",40.12,-85.62,280,99999
"557","Columbus","IN","KBAK",39.27,-85.9,200,99999
"558","Bloomington","IN","KBMG",39.15,-86.62,258,99999
"559","Elkhart","IN","KEKM",41.72,-86,237,99999
"560","Evansville","IN","KEVV",38.05,-87.53,118,72432
"561","Eagle Creek","IN","KEYE",39.8,-86.1,250,99999
"562","Fort Wayne","IN","KFWA",41,-85.2,252,72533
"563","Peru","IN","KGUS",40.65,-86.15,247,99999
"564","Gary","IN","KGYY",41.62,-87.42,180,99999
"565","Goshen","IN","KGSH",41.53,-85.79,252,99999
"566","Huntingburg","IN","KHNB",38.25,-86.95,161,99999
"567","Terre Haute","IN","KHUF",39.45,-87.32,178,99999
"568","Indianapolis","IN","KIND",39.73,-86.27,246,72438
"569","Lafayette","IN","KLAF",40.42,-86.93,185,99999
"570","Muncie","IN","KMIE",40.25,-85.4,286,99999
"571","Shelbyville","IN","KGEZ",39.58,-85.8,245,99999
"572","South Bend","IN","KSBN",41.7,-86.32,236,72535
"573","Valparaiso","IN","KVPZ",41.45,-87.01,235,99999
"574","Wichita Jabara","KS","KAAO",37.75,-97.22,433,99999
"575","Coffeyville","KS","KCFV",37.08,-95.57,225,99999
"576","Concordia","KS","KCNK",39.55,-97.65,452,72458
"577","Chanute","KS","KCNU",37.67,-95.48,305,99999
"578","Dodge City","KS","KDDC",37.77,-99.97,790,72451
"579","Elkhart","KS","KEHA",37,-101.9,1099,99999
"580","Emporia","KS","KEMP",38.33,-96.18,368,99999
"581","Newton","KS","KEWK",38.05,-97.28,467,99999
"582","Topeka Forbes","KS","KFOE",38.95,-95.67,329,99999
"583","Ft Riley","KS","KFRI",39.05,-96.77,325,72455
"584","Great Bend","KS","KGBD",38.35,-98.87,575,99999
"585","Garden City","KS","KGCK",37.93,-100.72,881,99999
"586","Goodland","KS","KGLD",39.37,-101.7,1124,72465
"587","Hill City","KS","KHLC",39.38,-99.83,678,99999
"588","Hutchinson","KS","KHUT",38.07,-97.87,470,99999
"589","Hays","KS","KHYS",38.85,-99.27,609,99999
"590","McConnell AFB","KS","KIAB",37.62,-97.27,418,99999
"591","Wichita","KS","KICT",37.65,-97.43,408,72450
"592","Olathe New Century","KS","KIXD",38.83,-94.88,331,99999
"593","Liberal","KS","KLBL",37.05,-100.97,879,99999
"594","Lawrence","KS","KLWC",39.02,-95.22,253,99999
"595","Manhattan","KS","KMHK",39.13,-96.67,322,99999
"596","Olathe","KS","KOJC",38.85,-94.73,334,99999
"597","Medicine Lodge","KS","KP28",37.3,-98.58,468,72452
"598","Parsons","KS","KPPF",37.33,-95.52,274,72451
"599","Russell","KS","KRSL",38.87,-98.82,568,99999
"600","Salina","KS","KSLN",38.8,-97.65,388,99999
"601","Topeka","KS","KTOP",39.07,-95.62,270,72456
"602","Winfield","KS","KWLD",37.3,-97,9999,99999
"603","Bowling Green","KY","KBWG",36.97,-86.42,167,99999
"604","Covington","KY","KCVG",39.05,-84.67,267,72421
"605","Henderson City","KY","KEHR",37.82,-87.68,117,99999
"606","Frankfort","KY","KFFT",38.25,-84.9,9999,99999
"607","Fort Knox","KY","KFTK",37.9,-85.97,230,72424
"608","Fort Campbell","KY","KHOP",36.67,-87.5,174,74671
"609","Jackson","KY","KJKL",37.6,-83.32,421,99999
"610","Lexington","KY","KLEX",38.03,-84.6,301,72422
"611","Louisville Bowman","KY","KLOU",38.23,-85.67,167,99999
"612","London-Corbin","KY","KLOZ",37.08,-84.08,369,99999
"613","Owensboro","KY","KOWB",37.73,-87.17,124,99999
"614","Paducah","KY","KPAH",37.07,-88.77,126,72435
"615","Louisville","KY","KSDF",38.18,-85.73,149,72423
"616","Somerset","KY","KSME",38,-84.6,283,99999
"617","Natchitoches","LA","KIER",31.74,-93.1,37,99999
"618","Ruston","LA","KRSN",32.52,-92.58,95,99999
"619","Green Canyon 184","LA","KXCN",27.77,-91.52,5,99999
"620","High Island","LA","KH08",28.1,-94.4,30,99999
"621","Venice","LA","K1B7",29.35,-89.43,2,99999
"622","Boothville","LA","KBVE",29.33,-89.4,2,72232
"623","Amelia","LA","K7R3",29.7,-91.1,2,99999
"624","Intracoastal City","LA","K7R4",29.78,-92.13,5,99999
"625","Cameron","LA","K7R5",29.78,-93.3,1,99999
"626","South Marsh Island","LA","K7R8",28.3,-91.98,1,99999
"627","South Marsh Island 268","LA","KSRN",29.07,-91.87,1,99999
"628","Fourchon","LA","K9F2",29.1,-90.2,2,99999
"629","Alexandria","LA","KAEX",31.33,-92.55,27,74754
"630","New Iberia","LA","KARA",30.03,-91.88,7,99999
"631","Grand Isle","LA","KAXO",29.25,-89.97,2,99999
"632","Barksdale AFB","LA","KBAD",32.5,-93.67,51,99999
"633","Baton Rouge","LA","KBTR",30.53,-91.15,21,99999
"634","Shreveport Downtown","LA","KDTN",32.53,-93.75,55,99999
"635","Alexandria Esle","LA","KESF",31.4,-92.3,34,99999
"636","Houma","LA","KHUM",29.57,-90.67,3,99999
"637","Lake Charles Regional","LA","KLCH",30.12,-93.22,10,72240
"638","Lake Charles","LA","KCWF",30.21,-93.14,5,99999
"639","Lafayette","LA","KLFT",30.2,-91.98,13,99999
"640","Monroe","LA","KMLU",32.52,-92.03,24,99999
"641","New Orleans","LA","KMSY",29.98,-90.25,9,72231
"642","New Orleans NAS","LA","KNBG",29.83,-90.03,0,99999
"643","New Orleans Lakefront","LA","KNEW",30.05,-90.03,3,99999
"644","Salt Point","LA","KP92",29.6,-91.3,3,99999
"645","Fort Polk","LA","KPOE",31.05,-93.03,100,72239
"646","Patterson","LA","KPTN",29.72,-91.33,3,99999
"647","Slidell","LA","KASD",30.34,-89.82,9,99999
"648","South Timbalier","LA","KS58",28.53,-90.58,1,99999
"649","Shreveport","LA","KSHV",32.47,-93.82,79,72248
"650","Pittsfield","MA","KPSF",42.43,-73.29,355,99999
"651","Nantucket","MA","KACK",41.25,-70.07,15,99999
"652","North Adams","MA","KAQW",42.7,-73.17,201,99999
"653","Fitchburg","MA","KFIT",42.55,-71.76,106,99999
"654","Westfield","MA","KBAF",42.15,-72.72,83,99999
"655","Bedford","MA","KBED",42.47,-71.28,41,74490
"656","Boston","MA","KBOS",42.37,-71.03,9,72509
"657","Taunton","MA","KTAN",41.87,-71.02,13,99999
"658","Beverly","MA","KBVY",42.58,-70.92,33,99999
"659","Chicopee","MA","KCEF",42.2,-72.53,75,74491
"660","Chatham","MA","KCQX",41.68,-70,19,99999
"661","New Bedford","MA","KEWB",41.68,-70.97,24,99999
"662","Otis AFB","MA","KFMH",41.65,-70.52,40,72506
"663","Hyannis","MA","KHYA",41.67,-70.28,16,99999
"664","Lawrence","MA","KLWM",42.72,-71.12,45,99999
"665","Martha's Vineyard","MA","KMVY",41.4,-70.62,21,99999
"666","Orange","MA","KORE",42.57,-72.27,164,99999
"667","Worcester","MA","KORH",42.27,-71.88,308,99999
"668","Norwood","MA","KOWD",42.18,-71.18,15,99999
"669","Provincetown","MA","KPVC",42.07,-70.22,2,99999
"670","Plymouth","MA","KPYM",41.92,-70.73,45,99999
"671","East Milton","MA","KMQE",42.21,-71.11,199,99999
"672","Ocean City","MD","KOXB",38.31,-75.12,3,99999
"673","Maryland Science Center","MD","KDMH",39.28,-76.61,19,99999
"674","Andrews AFB","MD","KADW",38.82,-76.87,86,74594
"675","Phillips Army Airfield","MD","KAPG",39.47,-76.17,18,99999
"676","Baltimore","MD","KBWI",39.18,-76.67,47,72406
"677","Hagerstown","MD","KHGR",39.7,-77.73,215,99999
"678","Baltimore Martin","MD","KMTN",39.33,-76.42,7,99999
"679","Patuxent River","MD","KNHK",38.28,-76.4,12,72404
"680","Salisbury","MD","KSBY",38.33,-75.52,16,99999
"681","Greenville","ME","KGNR",45.47,-69.58,316,72619
"682","Augusta","ME","KAUG",44.32,-69.8,107,99999
"683","Bangor","ME","KBGR",44.8,-68.83,59,99999
"684","Bar Harbor","ME","KBHB",44.45,-68.37,26,99999
"685","Caribou","ME","KCAR",46.87,-68.02,190,72712
"686","Clayton Lake","ME","K40B",46.61,-69.53,314,99999
"687","Frenchville","ME","KFVE",47.28,-68.32,301,99999
"688","Houlton","ME","KHUL",46.12,-67.8,150,99999
"689","Wiscasset","ME","KIWI",43.97,-69.72,41,99999
"690","Fryeburg","ME","KIZG",44.05,-70.95,9999,99999
"691","Auburn-Lewiston","ME","KLEW",44.05,-70.28,88,99999
"692","Millinocket","ME","KMLT",45.65,-68.68,124,99999
"693","Brunswick","ME","KNHZ",43.88,-69.93,23,74392
"694","Presque Isle","ME","KPQI",46.68,-68.05,146,72713
"695","Portland","ME","KPWM",43.65,-70.32,19,72606
"696","Rockland","ME","KRKD",44.07,-69.1,17,99999
"697","Sanford","ME","KSFM",43.4,-70.72,74,99999
"698","Waterville","ME","KWVL",44.53,-69.68,101,99999
"699","Charlevoix","MI","KCVX",45.3,-85.27,204,99999
"700","Mount Pleasant","MI","KMOP",43.62,-84.74,230,99999
"701","Ludington","MI","KLDM",43.96,-86.41,197,99999
"702","Manistique","MI","KISQ",45.97,-86.17,209,99999
"703","Bellaire","MI","KACB",44.99,-85.2,190,99999
"704","Adrian","MI","KADG",41.87,-84.07,243,99999
"705","Big Rapids","MI","KRQB",43.72,-85.5,302,99999
"706","Alma","MI","KAMN",43.32,-84.69,230,99999
"707","Grosse Ile","MI","KONZ",42.1,-83.16,180,99999
"708","Mason","MI","KTEW",42.57,-84.42,280,99999
"709","Monroe","MI","KTTF",41.94,-83.43,188,99999
"710","Sturgis","MI","KIRS",41.81,-85.44,282,99999
"711","Alpena","MI","KAPN",45.07,-83.57,211,72639
"712","Ann Arbor","MI","KARB",42.22,-83.75,256,99999
"713","Kalamazoo","MI","KAZO",42.23,-85.55,266,99999
"714","Bad Axe","MI","KBAX",43.78,-82.99,233,99999
"715","Benton Harbor","MI","KBEH",42.13,-86.43,196,99999
"716","Battle Creek","MI","KBTL",42.3,-85.25,290,99999
"717","Cadillac","MI","KCAD",44.28,-85.42,398,99999
"718","Chippewa","MI","KCIU",46.25,-84.47,244,99999
"719","Coldwater","MI","KOEB",41.93,-85.05,292,99999
"720","Holland","MI","KBIV",42.74,-86.11,210,99999
"721","Houghton","MI","KCMX",47.17,-88.5,329,72744
"722","Detroit","MI","KDET",42.42,-83.02,191,99999
"723","Detroit Metro","MI","KDTW",42.23,-83.33,202,72537
"724","Escanaba","MI","KESC",45.75,-87.03,187,72648
"725","Flint","MI","KFNT",42.97,-83.75,233,72637
"726","Grand Rapids","MI","KGRR",42.88,-85.52,245,72635
"727","Hillsdale","MI","KJYM",41.92,-84.59,360,99999
"728","Houghton Lake","MI","KHTL",44.37,-84.68,351,72638
"729","Iron Mountain","MI","KIMT",45.82,-88.12,360,99999
"730","Ironwood","MI","KIWD",46.53,-90.13,375,99999
"731","Jackson","MI","KJXN",42.27,-84.47,305,99999
"732","Lansing","MI","KLAN",42.77,-84.6,266,72539
"733","Manistee","MI","KMBL",44.27,-86.25,189,99999
"734","Marshall","MI","KRMY",42.25,-84.96,287,99999
"735","Saginaw","MI","KMBS",43.53,-84.08,204,99999
"736","Saginaw Browne","MI","KHYX",43.43,-83.87,183,99999
"737","Muskegon","MI","KMKG",43.17,-86.25,193,72636
"738","Menominee","MI","KMNM",45.13,-87.63,191,99999
"739","Marquette","MI","KMQT",46.53,-87.55,434,72743
"740","Newberry","MI","KERY",46.31,-85.46,265,99999
"741","Mt. Clemens","MI","KMTC",43.62,-82.83,177,99999
"742","Wurtsmith AFB","MI","KOSC",44.45,-83.4,193,99999
"743","Howell","MI","KOZW",42.63,-83.98,378,99999
"744","Port Hope","MI","KP58",44.02,-82.8,183,99999
"745","Copper Harbor","MI","KP59",47.45,-87.9,186,99999
"746","Seul Choix Pt","MI","KP75",45.92,-85.92,180,99999
"747","Gaylord","MI","KGLR",45.01,-84.7,405,99999
"748","Pellston","MI","KPLN",45.57,-84.8,219,99999
"749","Pontiac","MI","KPTK",42.67,-83.42,299,99999
"750","Port Huron","MI","KPHN",42.91,-82.53,198,99999
"751","Gwinn","MI","KSAW",46.35,-87.4,372,99999
"752","Traverse City","MI","KTVC",44.73,-85.58,190,99999
"753","Sault Ste Marie","MI","KANJ",46.47,-84.37,221,72734
"754","Mackinac Island","MI","KMCD",45.9,-84.6,320,99999
"755","Ypsilanti","MI","KYIP",42.23,-83.53,218,99999
"756","Wadena","MN","KADC",46.45,-95.21,418,99999
"757","Moose Lake","MN","KMZH",46.42,-92.8,328,99999
"758","Moorhead","MN","KJKJ",46.84,-96.66,279,99999
"759","Longville","MN","KXVG",46.99,-94.2,407,99999
"760","Waskish","MN","KVWU",48.15,-94.52,360,99999
"761","Rush City","MN","KROS",45.7,-92.95,281,99999
"762","Maple Lake","MN","KMGG",45.24,-93.99,313,99999
"763","Appleton","MN","KAQP",45.23,-96,311,99999
"764","Grand Marais","MN","KGNA",47.75,-90.34,185,99999
"765","Grand Marais Airport","MN","KCKC",47.84,-90.38,548,99999
"766","Hallock","MN","KHCO",48.75,-96.94,250,99999
"767","Bigfork","MN","KFOZ",47.78,-93.65,411,99999
"768","Cook","MN","KCQM",47.82,-92.69,404,99999
"769","Mora","MN","KJMR",45.89,-93.27,308,99999
"770","St. James","MN","KJYG",43.99,-94.56,325,99999
"771","Litchfield","MN","KLJF",45.1,-94.51,347,99999
"772","Ortonville","MN","KVVV",45.31,-96.42,335,99999
"773","Pine River","MN","KPWC",46.75,-94.38,395,99999
"774","Princeton","MN","KPNM",45.56,-93.61,298,99999
"775","Staples","MN","KSAZ",46.38,-94.81,392,99999
"776","Warroad","MN","KRRT",48.94,-95.35,327,99999
"777","Windom","MN","KMWM",43.91,-95.11,430,99999
"778","South St. Paul","MN","KSGS",44.86,-93.03,323,99999
"779","Crane Lake","MN","KCDD",48.27,-92.48,341,99999
"780","Albert Lea","MN","KAEL",43.68,-93.37,383,99999
"781","Aitkin","MN","KAIT",46.55,-93.68,367,99999
"782","Anoka County","MN","KANE",45.15,-93.22,278,99999
"783","Orr","MN","KORB",48.02,-92.86,400,99999
"784","Benson","MN","KBBB",45.33,-96.65,317,99999
"785","Austin","MN","KAUM",43.67,-92.93,375,99999
"786","Alexandria","MN","KAXN",45.87,-95.4,434,99999
"787","Baudette","MN","KBDE",48.73,-94.62,330,99999
"788","Silver Bay","MN","KBFW",47.2,-91.4,331,99999
"789","Bemidji","MN","KBJI",47.5,-94.93,420,72755
"790","Brainerd","MN","KBRD",46.4,-94.13,374,99999
"791","Cambridge","MN","KCBG",45.57,-93.27,287,99999
"792","Crookston","MN","KCKN",47.85,-96.62,273,99999
"793","Cloquet","MN","KCOQ",46.7,-92.5,390,99999
"794","Duluth","MN","KDLH",46.83,-92.18,432,72745
"795","Detroit Lakes","MN","KDTL",46.83,-95.88,426,99999
"796","Dodge Center","MN","KTOB",44.02,-92.83,398,99999
"797","Ely","MN","KELO",47.82,-91.83,443,99999
"798","Flag Island","MN","KFGN",49.32,-94.9,444,99999
"799","Wheaton NDB","MN","KETH",45.7,-96.5,313,99999
"800","Eveleth","MN","KEVM",47.4,-92.5,421,99999
"801","Faribault","MN","KFBL",44.33,-93.32,322,99999
"802","Glenwood","MN","KGHW",45.64,-95.32,425,99999
"803","Glencoe","MN","KGYL",44.76,-94.08,302,99999
"804","Minneapolis Flying Cloud","MN","KFCM",44.83,-93.45,276,99999
"805","Fergus Falls","MN","KFFM",46.28,-96.15,361,72656
"806","Fairmont","MN","KFRM",43.65,-94.42,354,99999
"807","Fosston","MN","KFSE",45.5,-95.7,388,99999
"808","Grand Rapids","MN","KGPZ",47.22,-93.52,413,99999
"809","Hutchinson","MN","KHCD",44.87,-94.38,323,99999
"810","Hibbing","MN","KHIB",47.38,-92.83,412,99999
"811","Willmar","MN","KILL",45.12,-95.08,344,99999
"812","International Falls","MN","KINL",48.57,-93.38,361,72747
"813","Little Falls","MN","KLXL",45.95,-94.35,342,99999
"814","Lakeville","MN","KLVN",44.63,-93.23,378,99999
"815","Minneapolis Crystal","MN","KMIC",45.07,-93.35,265,99999
"816","Jackson","MN","KMJQ",43.65,-94.98,441,99999
"817","Madison","MN","KDXX",44.99,-96.18,330,99999
"818","Mankato","MN","KMKT",44.22,-93.92,311,99999
"819","Marshall","MN","KMML",44.45,-95.82,359,99999
"820","Morris","MN","KMOX",45.57,-95.97,344,99999
"821","Minneapolis","MN","KMSP",44.88,-93.22,255,72658
"822","Montevideo","MN","KMVE",44.97,-95.72,315,99999
"823","Winona","MN","KONA",44.08,-91.7,200,99999
"824","Worthington","MN","KOTG",43.65,-95.58,480,99999
"825","Owatonna","MN","KOWA",44.12,-93.25,350,99999
"826","Park Rapids","MN","KPKD",46.9,-95.07,440,99999
"827","Pipestone","MN","KPQN",43.98,-96.32,529,99999
"828","Red Wing","MN","KRGK",44.58,-92.48,239,99999
"829","Roseau","MN","KROX",48.85,-95.7,323,99999
"830","Rochester","MN","KRST",43.92,-92.5,402,72644
"831","Redwood Falls","MN","KRWF",44.55,-95.08,312,99999
"832","St. Cloud","MN","KSTC",45.55,-94.07,312,72655
"833","St. Paul","MN","KSTP",44.95,-93.07,209,99999
"834","Thief River Falls","MN","KTVF",48.07,-96.18,340,99999
"835","Two Harbors","MN","KTWM",47.05,-91.75,328,99999
"836","New Ulm","MN","KULM",44.32,-94.5,308,99999
"837","Kaiser","MO","KAIZ",38.1,-92.55,265,99999
"838","Cape Girardeau","MO","KCGI",37.23,-89.57,104,99999
"839","Columbia","MO","KCOU",38.82,-92.22,274,72445
"840","Sedalia","MO","KDMO",38.72,-93.17,274,99999
"841","Farmington","MO","KFAM",37.77,-90.44,288,99999
"842","Kirksville","MO","KIRK",40.1,-92.55,294,99999
"843","Jefferson City","MO","KJEF",38.58,-92.15,167,99999
"844","Joplin","MO","KJLN",37.15,-94.5,299,99999
"845","Kansas City International","MO","KMCI",39.32,-94.72,312,72446
"846","Kansas City","MO","KMKC",39.12,-94.6,231,99999
"847","Poplar Bluff","MO","KPOF",36.77,-90.32,100,72330
"848","Springfield","MO","KSGF",37.23,-93.38,387,72440
"849","St. Charles","MO","KSET",38.93,-90.43,133,99999
"850","St. Joseph","MO","KSTJ",39.77,-94.92,249,72449
"851","St. Louis","MO","KSTL",38.75,-90.37,172,72434
"852","Spirit of St Louis","MO","KSUS",38.67,-90.65,141,99999
"853","Whiteman AFB","MO","KSZL",38.73,-93.55,265,99999
"854","Fort Leonard Wood","MO","KTBN",37.73,-92.13,353,99999
"855","Rolla","MO","KVIH",38.13,-91.77,350,99999
"856","West Plains","MO","KUNO",36.88,-91.9,483,99999
"857","Chillicothe","MO","KCDJ",39.82,-93.58,234,99999
"858","Clarksdale","MS","KCKM",34.3,-90.51,53,99999
"859","Bay St Louis","MS","KHSA",30.37,-89.45,7,99999
"860","Olive Branch","MS","KOLV",34.99,-89.78,122,99999
"861","Jackson Hawkins Field","MS","KHKS",32.33,-90.22,104,99999
"862","Hattiesburg","MS","KHBG",31.27,-89.25,46,99999
"863","Oxford","MS","KUOX",34.38,-89.53,138,99999
"864","Biloxi","MS","KBIX",30.42,-88.92,10,99999
"865","Columbus AFB","MS","KCBM",33.65,-88.45,67,99999
"866","Greenville","MS","KGLH",33.48,-90.98,40,99999
"867","Gulfport","MS","KGPT",30.4,-89.07,9,99999
"868","Golden Triangle","MS","KGTR",33.45,-88.58,80,99999
"869","Greenwood","MS","KGWO",33.5,-90.08,47,99999
"870","Natchez","MS","KHEZ",31.62,-91.3,83,99999
"871","Jackson","MS","KJAN",32.32,-90.08,101,72235
"872","McComb","MS","KMCB",31.18,-90.47,126,99999
"873","Meridian","MS","KMEI",32.33,-88.75,94,72234
"874","Meridian NAS","MS","KNMM",32.55,-88.57,97,99999
"875","Pascagoula","MS","KPQL",30.46,-88.53,5,99999
"876","Pine Belt","MS","KPIB",31.47,-89.33,91,99999
"877","Tupelo","MS","KTUP",34.27,-88.77,110,72332
"878","Vicksburg","MS","KTVR",32.35,-91.03,25,99999
"879","Browning","MT","K8S0",48.6,-113.1,1458,99999
"880","Drummond","MT","K3DU",46.67,-113.15,1202,99999
"881","Baker","MT","KBHK",46.35,-104.26,906,99999
"882","Harlowton","MT","K3HT",46.43,-109.83,1268,99999
"883","Thompson Falls","MT","K3TH",47.6,-115.37,725,99999
"884","Billings","MT","KBIL",45.82,-108.61,2189,72677
"885","Butte","MT","KBTM",45.95,-112.5,1690,99999
"886","Bozeman","MT","KBZN",45.78,-111.15,1364,99999
"887","Cut Bank","MT","KCTB",48.6,-112.37,1175,99999
"888","Dillon","MT","KDLN",45.25,-112.55,1597,99999
"889","Kalispell","MT","KFCA",48.3,-114.27,906,72779
"890","Glendive","MT","KGDV",47.13,-104.8,749,99999
"891","Glasgow","MT","KGGW",48.22,-106.62,700,72768
"892","Great Falls","MT","KGTF",47.48,-111.37,1115,72775
"893","Helena","MT","KHLN",46.6,-112,1188,72772
"894","Hamilton","MT","KHMM",46.25,-114.15,1110,99999
"895","Havre","MT","KHVR",48.55,-109.77,792,72777
"896","Jordan","MT","KJDN",47.33,-106.93,811,99999
"897","Livingston","MT","KLVM",45.7,-110.45,1419,99999
"898","Lewistown","MT","KLWT",47.05,-109.47,1270,99999
"899","Miles City","MT","KMLS",46.43,-105.87,801,74230
"900","Monida","MT","KMQM",44.57,-112.32,2068,99999
"901","Missoula","MT","KMSO",46.92,-114.08,972,72773
"902","Wolf Point","MT","KOLF",48.1,-105.58,605,99999
"903","Sidney-Richland","MT","KSDY",47.7,-104.2,605,99999
"904","West Yellowstone","MT","KWEY",44.65,-111.1,2031,99999
"905","Boone","NC","KTNB",36.22,-81.67,1011,99999
"906","Lincolntown","NC","KIPJ",35.48,-81.17,267,99999
"907","Roxboro","NC","KTDF",36.28,-78.98,186,99999
"908","Albemarle","NC","KVUJ",35.42,-80.15,186,99999
"909","Smithfield","NC","KJNX",35.53,-78.38,50,99999
"910","Lexington","NC","KEXX",35.78,-80.3,223,99999
"911","Beaufort","NC","KMRH",34.73,-76.66,3,99999
"912","Salisbury","NC","KRUQ",35.65,-80.52,236,99999
"913","North Wilkesboro","NC","KUKF",36.22,-81.1,396,99999
"914","Chapel Hill","NC","KIGX",35.94,-79.07,156,99999
"915","Washington","NC","KOCW",35.57,-77.05,12,99999
"916","Mount Airy","NC","KMWK",36.46,-80.55,380,99999
"917","Morgantown","NC","KMRN",35.82,-81.61,387,99999
"918","Jefferson","NC","KGEV",36.43,-81.42,969,99999
"919","Gastonia","NC","KAKH",35.2,-81.16,243,99999
"920","Monroe","NC","KEQY",35.02,-80.62,212,99999
"921","Ahoskie","NC","KASJ",36.3,-77.17,21,99999
"922","Andrews","NC","K6A3",35.19,-83.86,518,99999
"923","Asheboro","NC","KHBI",35.65,-79.9,205,99999
"924","Asheville","NC","KAVL",35.43,-82.55,661,72315
"925","Burlington","NC","KBUY",36.05,-79.47,188,99999
"926","Charlotte","NC","KCLT",35.22,-80.93,234,72314
"927","Elizabeth City","NC","KECG",36.27,-76.18,4,99999
"928","Erwin","NC","KHRJ",35.38,-78.73,60,99999
"929","New Bern","NC","KEWN",35.07,-77.05,6,99999
"930","Edenton","NC","KEDE",36.03,-76.57,6,99999
"931","Fayetteville","NC","KFAY",34.98,-78.88,58,99999
"932","Greenville","NC","KPGV",35.63,-77.39,8,99999
"933","Fort Bragg","NC","KFBG",35.13,-78.93,74,74693
"934","Goldsboro","NC","KGSB",35.33,-77.97,33,99999
"935","Greensboro","NC","KGSO",36.08,-79.95,270,72317
"936","Cape Hatteras","NC","KHAT",35.27,-75.55,3,72304
"937","Mackall AAF","NC","KHFF",35.03,-79.5,115,99999
"938","Laurinburg-Maxton","NC","KMEB",34.79,-79.37,67,99999
"939","Hickory","NC","KHKY",35.73,-81.38,362,99999
"940","Hatteras","NC","KHSE",35.22,-75.62,3,99999
"941","Kenansville","NC","KDPL",35,-77.98,41,99999
"942","Wilmington","NC","KILM",34.27,-77.9,10,99999
"943","Rutherfordton","NC","KFQD",35.43,-81.94,329,99999
"944","Winston-Salem","NC","KINT",36.13,-80.22,296,99999
"945","Kinston","NC","KISO",35.33,-77.62,29,99999
"946","Statesville","NC","KSVH",35.76,-80.96,294,99999
"947","Manteo","NC","KMQI",35.92,-75.7,4,99999
"948","New River MCAS","NC","KNCA",34.72,-77.45,8,99999
"949","Cherry Point","NC","KNKT",34.9,-76.88,9,72309
"950","Jacksonville","NC","KOAJ",34.83,-77.62,29,99999
"951","Pope AFB","NC","KPOB",35.17,-79.02,66,72303
"952","Raleigh-Durham Airport","NC","KRDU",35.87,-78.78,134,72306
"953","Roanoke Rapids","NC","KRZZ",36.44,-77.71,78,99999
"954","Rocky Mount","NC","KRWI",35.85,-77.9,48,99999
"955","Southern Pines","NC","KSOP",35.23,-79.4,141,99999
"956","Lumberton","NC","KLBT",34.61,-79.06,37,99999
"957","Bismarck","ND","KBIS",46.77,-100.75,506,72764
"958","Dickinson","ND","KDIK",46.8,-102.8,789,99999
"959","Devils Lake","ND","KDVL",48.12,-98.92,443,99999
"960","Fargo","ND","KFAR",46.9,-96.8,274,72753
"961","Grand Forks","ND","KGFK",47.95,-97.18,257,99999
"962","Williston","ND","KISN",48.18,-103.63,581,72767
"963","Jamestown","ND","KJMS",46.93,-98.68,457,99999
"964","Minot AFB","ND","KMIB",48.42,-101.35,508,99999
"965","Minot","ND","KMOT",48.27,-101.28,523,99999
"966","Garrison","ND","KN60",47.65,-101.43,587,99999
"967","Lidgerwood","ND","KP67",46.1,-97.15,351,99999
"968","Grand Forks AFB","ND","KRDR",47.97,-97.4,278,99999
"969","Hettinger","ND","KHEI",46.01,-102.66,824,99999
"970","Alliance","NE","KAIA",42.05,-102.8,1198,99999
"971","Ainsworth","NE","KANW",42.58,-100,789,99999
"972","Aurora","NE","KAUH",40.88,-98,550,99999
"973","Broken Bow","NE","KBBW",41.43,-99.65,776,99999
"974","Scottsbluff","NE","KBFF",41.87,-103.6,1206,72566
"975","Beatrice","NE","KBIE",40.3,-96.75,403,99999
"976","Chadron","NE","KCDR",42.83,-103.1,1005,99999
"977","Kearney","NE","KEAR",40.73,-99,649,99999
"978","Fremont","NE","KFET",41.45,-96.53,367,99999
"979","Falls City","NE","KFNB",40.08,-95.6,300,99999
"980","Grand Island","NE","KGRI",40.97,-98.32,566,72552
"981","Hastings","NE","KHSI",40.6,-98.43,596,99999
"982","Holdrege","NE","KHDE",40.45,-99.33,705,99999
"983","Imperial","NE","KIML",40.52,-101.62,998,99999
"984","North Platte","NE","KLBF",41.13,-100.68,849,72562
"985","Lincoln","NE","KLNK",40.85,-96.75,362,72551
"986","Lexington","NE","KLXN",40.78,-99.77,734,99999
"987","McCook","NE","KMCK",40.2,-100.58,786,99999
"988","Mullen","NE","KMHN",42.05,-101.07,994,99999
"989","Ord","NE","KODX",41.62,-98.95,631,99999
"990","Omaha Offutt","NE","KOFF",41.12,-95.92,319,72554
"991","Norfolk","NE","KOFK",41.98,-97.43,473,72556
"992","Ogallala","NE","KOGA",41.05,-101.8,999,99999
"993","Columbus","NE","KOLU",41.45,-97.33,440,99999
"994","Omaha","NE","KOMA",41.3,-95.9,299,72550
"995","O'Neill","NE","KONL",42.47,-98.68,619,99999
"996","North Omaha","NE","KOVN",41.37,-96.02,406,72553
"997","Sidney","NE","KSNY",41.1,-102.98,1312,72561
"998","Tekamah","NE","KTQE",41.77,-96.17,312,99999
"999","Valentine","NE","KVTN",42.87,-100.55,792,72567
"1000","Jaffrey","NH","KAFN",42.8,-72,317,99999
"1001","Nashua","NH","KASH",42.78,-71.52,61,99999
"1002","Berlin","NH","KBML",44.58,-71.18,695,99999
"1003","Concord","NH","KCON",43.2,-71.5,105,72605
"1004","Keene","NH","KEEN",42.9,-72.27,149,99999
"1005","Whitefield","NH","KHIE",44.35,-71.55,319,99999
"1006","Laconia","NH","KLCI",43.57,-71.42,166,99999
"1007","Lebanon","NH","KLEB",43.63,-72.3,182,99999
"1008","Manchester","NH","KMHT",42.93,-71.43,71,99999
"1009","Mt. Washington","NH","KMWN",44.27,-71.3,1910,72613
"1010","Portsmouth","NH","KPSM",43.08,-70.82,31,99999
"1011","Rochester","NH","KDAW",43.29,-70.92,100,99999
"1012","Sussex","NJ","KFWN",41.2,-74.63,128,99999
"1013","Atlantic City","NJ","KACY",39.45,-74.57,20,72407
"1014","Belmar-Farmingdale","NJ","KBLM",40.18,-74.13,48,99999
"1015","Caldwell","NJ","KCDW",40.88,-74.28,53,99999
"1016","Newark","NJ","KEWR",40.7,-74.17,9,72502
"1017","Millville","NJ","KMIV",39.37,-75.07,25,99999
"1018","Morristown","NJ","KMMU",40.8,-74.42,57,99999
"1019","Mount Holly","NJ","KVAY",39.93,-74.84,16,99999
"1020","Lakehurst NAS","NJ","KNEL",40.03,-74.35,31,72409
"1021","Teterboro","NJ","KTEB",40.85,-74.07,3,99999
"1022","Trenton","NJ","KTTN",40.28,-74.82,65,99999
"1023","McGuire AFB","NJ","KWRI",40.02,-74.6,41,99999
"1024","Wildwood","NJ","KWWD",39.02,-74.92,7,99999
"1025","Somerville","NJ","KSMQ",40.62,-74.67,32,99999
"1026","Andover","NJ","K12N",41.01,-74.74,177,99999
"1027","Artesia","NM","KATS",32.85,-104.47,1081,99999
"1028","Corona","NM","K4CR",34.1,-105.68,1981,99999
"1029","Moriarty","NM","K4MY",34.98,-106.05,1890,99999
"1030","Cuba","NM","K4SL",35.8,-107.18,2106,99999
"1031","Albuquerque","NM","KABQ",35.05,-106.62,1620,72365
"1032","Albuquerque Double Eagle","NM","KAEG",35.14,-106.8,1779,99999
"1033","Alamogordo","NM","KALM",32.83,-105.98,1279,99999
"1034","Clayton","NM","KCAO",36.45,-103.15,1515,72360
"1035","Carlsbad","NM","KCNM",32.33,-104.27,1004,99999
"1036","Clovis","NM","KCVN",34.43,-103.08,1284,99999
"1037","Clovis Cannon AFB","NM","KCVS",34.38,-103.32,1309,99999
"1038","Deming","NM","KDMN",32.27,-107.72,1313,99999
"1039","Chama","NM","KE33",36.9,-106.58,2393,99999
"1040","Farmington","NM","KFMN",36.75,-108.23,1677,99999
"1041","Grants-Milan","NM","KGNT",35.17,-107.9,1987,99999
"1042","Gallup","NM","KGUP",35.52,-108.78,1972,99999
"1043","Holloman AFB","NM","KHMN",32.85,-106.1,1248,74732
"1044","Hobbs","NM","KHOB",32.68,-103.22,1115,99999
"1045","Los Alamos","NM","KLAM",35.88,-106.28,2179,99999
"1046","Las Cruces","NM","KLRU",32.28,-106.92,1358,99999
"1047","Las Vegas","NM","KLVS",35.65,-105.15,2095,99999
"1048","Roswell","NM","KROW",33.3,-104.53,1118,72268
"1049","Santa Fe","NM","KSAF",35.62,-106.08,1934,99999
"1050","Taos","NM","KSKX",36.45,-105.67,2161,99999
"1051","Ruidoso","NM","KSRR",33.47,-105.53,2076,99999
"1052","Silver City","NM","KSVC",32.63,-108.15,1659,72272
"1053","Tucumcari","NM","KTCC",35.18,-103.6,1239,99999
"1054","Truth Or Consequences","NM","KTCS",33.23,-107.27,1481,72271
"1055","Clines Corner","NM","KCQC",35,-105.66,2160,99999
"1056","Raton","NM","KRTN",36.74,-104.66,1939,99999
"1057","Wildhorse Resevoir","NV","KAWH",41.67,-115.78,1902,99999
"1058","Battle Mountain","NV","KB23",40.6,-116.87,1381,99999
"1059","Mercury","NV","KDRA",36.62,-116.02,1009,72387
"1060","Elko","NV","KEKO",40.83,-115.78,1565,99999
"1061","Ely","NV","KELY",39.28,-114.85,1909,72486
"1062","Hawthorne","NV","KHTH",38.55,-118.63,1285,99999
"1063","North Las Vegas","NV","KVGT",36.21,-115.19,671,99999
"1064","Las Vegas","NV","KLAS",36.08,-115.17,664,72386
"1065","Lovelock","NV","KLOL",40.07,-118.57,1190,99999
"1066","Nellis AFB","NV","KLSV",36.23,-115.03,570,99999
"1067","Fallon NAS","NV","KNFL",39.42,-118.7,1199,99999
"1068","Caliente","NV","KP38",37.62,-114.52,1335,72487
"1069","Eureka","NV","KP68",39.52,-115.97,1993,99999
"1070","Reno","NV","KRNO",39.5,-119.78,1341,72488
"1071","Tonopah","NV","KTPH",38.05,-117.08,1654,99999
"1072","Austin","NV","KU31",39.5,-117.08,2014,99999
"1073","Winnemucca","NV","KWMC",40.9,-117.8,1315,72583
"1074","Wells","NV","K9BB",41.11,-114.97,1723,99999
"1075","Central Park","NY","KNYC",40.77,-73.98,27,99999
"1076","Dansville","NY","KDSV",42.57,-77.71,201,99999
"1077","Wellsville","NY","KELZ",42.11,-77.99,647,99999
"1078","Westhampton Beach","NY","KFOK",40.85,-72.62,33,99999
"1079","Shirley","NY","KHWV",40.82,-72.87,21,99999
"1080","Albany","NY","KALB",42.75,-73.8,89,72518
"1081","Penn Yan","NY","KPEO",42.63,-77.05,298,99999
"1082","Watertown","NY","KART",44,-76.02,99,99999
"1083","Binghamton","NY","KBGM",42.22,-75.98,497,72515
"1084","Buffalo","NY","KBUF",42.93,-78.73,215,72528
"1085","Dunkirk","NY","KDKK",42.5,-79.28,203,99999
"1086","Elmira","NY","KELM",42.17,-76.9,291,99999
"1087","Farmingdale","NY","KFRG",40.73,-73.42,25,99999
"1088","Glens Falls","NY","KGFL",43.33,-73.62,100,99999
"1089","Fort Drum","NY","KGTB",44.05,-75.73,207,74370
"1090","White Plains","NY","KHPN",41.07,-73.7,134,99999
"1091","East Hampton","NY","KHTO",40.97,-72.25,55,99999
"1092","Niagara Falls","NY","KIAG",43.1,-78.95,180,99999
"1093","Islip","NY","KISP",40.8,-73.1,30,99999
"1094","Ithaca","NY","KITH",42.48,-76.45,335,99999
"1095","New York JFK","NY","KJFK",40.65,-73.78,7,74486
"1096","Fulton","NY","KFZY",43.35,-76.39,145,99999
"1097","Jamestown","NY","KJHW",42.15,-79.27,525,99999
"1098","Montgomery","NY","KMGJ",41.51,-74.26,111,99999
"1099","New York","NY","KLGA",40.77,-73.9,9,72503
"1100","Massena","NY","KMSS",44.93,-74.85,65,99999
"1101","Monticello","NY","KMSV",41.7,-74.8,428,99999
"1102","Ogdensburg","NY","KOGS",44.68,-75.47,91,99999
"1103","Plattsburgh","NY","KPLB",44.69,-73.52,74,99999
"1104","Poughkeepsie","NY","KPOU",41.63,-73.88,51,99999
"1105","Rochester","NY","KROC",43.12,-77.67,169,72529
"1106","Schenectady","NY","KSCH",42.85,-73.93,115,99999
"1107","Saranac Lake","NY","KSLK",44.38,-74.2,507,99999
"1108","Newburgh","NY","KSWF",41.5,-74.1,150,99999
"1109","Syracuse","NY","KSYR",43.12,-76.12,124,72519
"1110","Utica","NY","KUCA",43.15,-75.38,226,99999
"1111","Montauk","NY","KMTP",41.07,-71.92,2,99999
"1112","Akron","OH","KAKR",41.04,-81.47,325,99999
"1113","Bolton Field","OH","KTZR",39.9,-83.14,276,99999
"1114","New Philadelphia","OH","KPHD",40.47,-81.42,273,99999
"1115","Hamilton","OH","KHAO",39.36,-84.52,193,99999
"1116","Wooster","OH","KBJJ",40.87,-81.89,344,99999
"1117","Cleveland Burke","OH","KBKL",41.52,-81.68,178,99999
"1118","Akron Canton","OH","KCAK",40.92,-81.43,377,72521
"1119","Cleveland Cuyahoga","OH","KCGF",41.57,-81.48,268,99999
"1120","Cleveland","OH","KCLE",41.42,-81.87,245,72524
"1121","Columbus","OH","KCMH",40,-82.88,249,72428
"1122","Dayton","OH","KDAY",39.9,-84.2,306,72429
"1123","Dayton Wright","OH","KMGY",39.59,-84.22,293,72429
"1124","Defiance","OH","KDFI",41.33,-84.42,216,99999
"1125","Lorain","OH","KLPR",41.34,-82.17,242,99999
"1126","Findlay","OH","KFDY",41.02,-83.67,247,99999
"1127","Lima","OH","KAOH",40.71,-84.03,297,99999
"1128","Marion","OH","KMNN",40.62,-83.06,303,99999
"1129","Wright-Patt AFB","OH","KFFO",39.83,-84.05,251,74570
"1130","Rickenbacker","OH","KLCK",39.82,-82.93,227,99999
"1131","Lancaster","OH","KLHQ",39.75,-82.67,260,99999
"1132","Cincinnati","OH","KLUK",39.1,-84.42,147,99999
"1133","Mansfield","OH","KMFD",40.82,-82.52,395,99999
"1134","Ohio State University","OH","KOSU",40.08,-83.07,276,99999
"1135","Toledo","OH","KTOL",41.6,-83.8,211,72536
"1136","Toledo Metcalf","OH","KTDZ",41.56,-83.48,190,99999
"1137","Youngstown","OH","KYNG",41.27,-80.67,361,72525
"1138","Wilmington","OH","KILN",39.43,-83.79,328,99999
"1139","Zanesville","OH","KZZV",39.95,-81.9,274,99999
"1140","Newark Heath","OH","KVTA",40.02,-82.46,269,99999
"1141","Ashtabula","OH","KHZY",41.78,-80.7,278,99999
"1142","Poteau","OK","KRKR",35.02,-94.62,138,99999
"1143","Alva","OK","KAVK",36.77,-98.67,449,99999
"1144","Grove","OK","KGMJ",36.61,-94.74,254,99999
"1145","Ada","OK","KADH",34.8,-96.67,310,99999
"1146","Pauls Valley","OK","KPVJ",34.72,-97.22,295,99999
"1147","Guyman","OK","KGUY",36.68,-101.51,948,99999
"1148","Ardmore","OK","KADM",34.3,-97.02,232,99999
"1149","Ardmore Downtown","OK","K1F0",34.15,-97.12,257,99999
"1150","Bartlesville","OK","KBVO",36.77,-96.02,218,99999
"1151","Clinton-Sherman","OK","KCSM",35.33,-99.2,586,99999
"1152","Enid Vance AFB","OK","KEND",36.33,-97.92,398,99999
"1153","Fort Sill","OK","KFSI",34.65,-98.4,362,72355
"1154","Gage","OK","KGAG",36.3,-99.77,678,99999
"1155","Hobart","OK","KHBR",34.98,-99.05,477,99999
"1156","Lawton","OK","KLAW",34.57,-98.42,338,99999
"1157","Altus AFB","OK","KLTS",34.67,-99.27,420,72352
"1158","Guthrie","OK","KGOK",35.85,-97.42,325,99999
"1159","McAlester","OK","KMLC",34.88,-95.78,235,99999
"1160","Muskogee","OK","KMKO",35.65,-95.37,186,99999
"1161","Oklahoma City","OK","KOKC",35.4,-97.6,397,72353
"1162","Ponca City","OK","KPNC",36.73,-97.1,307,99999
"1163","Oklahoma City Wiley Post","OK","KPWA",35.53,-97.65,396,99999
"1164","Stillwater","OK","KSWO",36.17,-97.08,300,99999
"1165","Tinker AFB","OK","KTIK",35.42,-97.38,394,72354
"1166","Tulsa","OK","KTUL",36.2,-95.9,206,72356
"1167","Tulsa Jones","OK","KRVS",36.04,-95.98,194,99999
"1168","Enid","OK","KWDG",36.38,-97.78,356,99999
"1169","Frederick","OK","KFDR",34.34,-98.98,377,99999
"1170","Aurora","OR","KUAO",45.25,-122.77,60,99999
"1171","Brookings","OR","K4BK",42.05,-124.28,24,99999
"1172","John Day State","OR","K5J0",44.4,-118.97,1127,99999
"1173","Astoria","OR","KAST",46.15,-123.88,7,72791
"1174","Baker","OR","KBKE",44.83,-117.82,1027,99999
"1175","Burns","OR","KBNO",43.58,-118.95,1271,72683
"1176","Corvallis","OR","KCVO",44.5,-123.28,75,99999
"1177","Cascade Locks","OR","KCZK",45.67,-121.88,46,99999
"1178","The Dalles","OR","KDLS",45.62,-121.17,74,99999
"1179","Eugene","OR","KEUG",44.12,-123.22,114,72693
"1180","Portland Hillsboro","OR","KHIO",45.53,-122.95,62,99999
"1181","Newport","OR","KJNW",44.58,-124.07,48,99999
"1182","Newport Airport","OR","KONP",44.58,-124.05,48,72695
"1183","La Grande","OR","KLGD",45.28,-118,827,99999
"1184","Lakeview AWS","OR","KLKV",42.17,-120.4,1441,99999
"1185","Klamath Falls","OR","KLMT",42.15,-121.73,1247,99999
"1186","McMinnville","OR","KMMV",45.19,-123.14,49,99999
"1187","Meacham","OR","KMEH",45.52,-118.4,1236,99999
"1188","Medford","OR","KMFR",42.37,-122.87,405,72597
"1189","Ontario","OR","KONO",44.02,-117.02,668,99999
"1190","North Bend","OR","KOTH",43.42,-124.25,4,99999
"1191","Pendleton","OR","KPDT",45.68,-118.85,456,72688
"1192","Portland","OR","KPDX",45.6,-122.6,12,72698
"1193","Pacific City","OR","KPFC",45.2,-123.97,2,99999
"1194","Roseburg","OR","KRBG",43.23,-123.35,160,99999
"1195","Redmond","OR","KRDM",44.25,-121.15,938,99999
"1196","Rome","OR","KREO",42.58,-117.89,1235,99999
"1197","Tillamook","OR","KS47",45.42,-123.82,11,99999
"1198","Salem","OR","KSLE",44.92,-123,61,72694
"1199","Scappoose","OR","KSPB",45.77,-122.86,48,99999
"1200","Sexton Summit","OR","KSXT",42.62,-123.37,1171,99999
"1201","Portland Troutdale","OR","KTTD",45.55,-122.4,11,99999
"1202","Hermiston","OR","KHRI",45.93,-119.26,195,99999
"1203","Doylestown","PA","KDYL",40.33,-75.12,120,99999
"1204","Pottstown","PA","KPTW",40.24,-75.56,92,99999
"1205","Mt. Pocono","PA","KMPO",41.14,-75.38,577,99999
"1206","Allentown","PA","KABE",40.65,-75.43,117,72517
"1207","Selinsgrove","PA","KSEG",40.82,-76.86,137,99999
"1208","Washington","PA","KAFJ",40.13,-80.28,361,99999
"1209","Pittsburgh Allegheny Co.","PA","KAGC",40.35,-79.93,382,99999
"1210","Altoona","PA","KAOO",40.3,-78.32,458,99999
"1211","Avoca","PA","KAVP",41.33,-75.73,289,72513
"1212","Bradford","PA","KBFD",41.8,-78.63,653,99999
"1213","Butler","PA","KBTP",40.78,-79.95,380,99999
"1214","Beaver Falls","PA","KBVI",40.77,-80.4,382,99999
"1215","Harrisburg","PA","KCXY",40.22,-76.85,106,99999
"1216","Du Bois","PA","KDUJ",41.18,-78.9,554,99999
"1217","Erie","PA","KERI",42.08,-80.18,225,72526
"1218","Franklin","PA","KFKL",41.38,-79.87,469,99999
"1219","Williamsport","PA","KIPT",41.25,-76.92,160,72514
"1220","Indiana","PA","KIDI",40.63,-79.1,428,99999
"1221","Johnstown","PA","KJST",40.32,-78.83,696,99999
"1222","Meadville","PA","KGKJ",41.63,-80.21,427,99999
"1223","Latrobe","PA","KLBE",40.28,-79.4,361,99999
"1224","Lancaster","PA","KLNS",40.12,-76.3,123,99999
"1225","Middletown","PA","KMDT",40.2,-76.77,94,99999
"1226","Fort Indiantown Gap","PA","KMUI",40.43,-76.57,149,99999
"1227","Willow Grove","PA","KNXX",40.2,-75.15,110,99999
"1228","Philadelphia","PA","KPHL",39.88,-75.25,9,72408
"1229","Pittsburgh","PA","KPIT",40.5,-80.22,373,72520
"1230","Northeast Philadelphia","PA","KPNE",40.08,-75.02,37,99999
"1231","Reading","PA","KRDG",40.38,-75.97,105,99999
"1232","York","PA","KTHV",39.92,-76.87,146,99999
"1233","State College","PA","KUNV",40.85,-77.85,378,99999
"1234","Clearfield","PA","KFIG",41.05,-78.41,488,99999
"1235","Westerly","RI","KWST",41.35,-71.8,25,99999
"1236","Block Island","RI","KBID",41.17,-71.58,33,99999
"1237","N. Kingstown","RI","KOQU",41.6,-71.42,6,99999
"1238","Providence","RI","KPVD",41.73,-71.43,19,72507
"1239","Pawtucket","RI","KSFZ",41.92,-71.5,134,99999
"1240","Newport","RI","KUUU",41.45,-71.3,6,99999
"1241","Greenwood","SC","KGRD",34.25,-82.16,192,99999
"1242","Darlington","SC","KUDG",34.45,-79.88,59,99999
"1243","Clemson","SC","KCEU",34.67,-82.89,272,99999
"1244","Anderson","SC","KAND",34.5,-82.72,238,99999
"1245","Columbia","SC","KCAE",33.95,-81.12,69,72310
"1246","Charleston","SC","KCHS",32.9,-80.03,15,72208
"1247","North Myrtle Beach","SC","KCRE",33.82,-78.72,10,99999
"1248","Florence","SC","KFLO",34.18,-79.72,45,99999
"1249","Greenville Downtown","SC","KGMU",34.85,-82.35,319,99999
"1250","Greenville","SC","KGSP",34.9,-82.22,296,72312
"1251","Eastover","SC","KMMT",33.92,-80.8,77,99999
"1252","Columbia Owens","SC","KCUB",33.97,-80.99,56,99999
"1253","Myrtle Beach","SC","KMYR",33.68,-78.93,8,74791
"1254","Beaufort MCAS","SC","KNBC",32.48,-80.72,12,99999
"1255","Shaw AFB","SC","KSSC",33.97,-80.47,74,74790
"1256","Orangeburg","SC","KOGB",33.46,-80.86,60,99999
"1257","Rock Hill","SC","KUZA",34.98,-81.06,221,99999
"1258","Pine Ridge","SD","KIEN",43.02,-102.51,1015,99999
"1259","Custer","SD","KCUT",43.73,-103.62,1707,99999
"1260","Buffalo","SD","K2WX",45.57,-103.52,881,99999
"1261","Chamberlain","SD","K9V9",43.8,-99.32,530,72653
"1262","Aberdeen","SD","KABR",45.45,-98.43,396,72659
"1263","Faith","SD","KD07",45.04,-102.02,787,99999
"1264","Watertown","SD","KATY",44.92,-97.15,533,99999
"1265","Brookings","SD","KBKX",44.3,-96.82,502,99999
"1266","Belle Fourche","SD","KEFC",44.73,-103.87,82,99999
"1267","Sioux Falls","SD","KFSD",43.58,-96.73,435,72651
"1268","Huron","SD","KHON",44.38,-98.22,393,72654
"1269","Mitchell","SD","KMHE",43.77,-98.03,397,99999
"1270","Mobridge","SD","KMBG",45.54,-100.41,510,99999
"1271","Philip","SD","KPHP",44.05,-101.6,673,99999
"1272","Pierre","SD","KPIR",44.38,-100.28,531,99999
"1273","Rapid City","SD","KRAP",44.05,-103.07,966,72662
"1274","Ellsworth AFB","SD","KRCA",44.15,-103.1,978,99999
"1275","Lemmon","SD","KY22",45.93,-102.17,781,99999
"1276","Yankton","SD","KYKN",42.92,-97.38,398,99999
"1277","Winner","SD","KSFD",43.4,-99.8,622,99999
"1278","Sisseton","SD","K8D3",45.67,-96.99,354,99999
"1279","Somerville","TN","KFYE",35.21,-89.39,133,99999
"1280","Huntingdon","TN","KHZD",36.09,-88.46,151,99999
"1281","Paris","TN","KPHT",36.34,-88.38,177,99999
"1282","Selmer","TN","KSZY",35.2,-88.5,186,99999
"1283","Union City","TN","KUCY",36.38,-88.99,104,99999
"1284","Covington","TN","KM04",35.58,-89.59,85,99999
"1285","Bolivar","TN","KM08",35.21,-89.04,152,99999
"1286","Lexington","TN","KM52",35.65,-88.38,157,99999
"1287","Savannah","TN","KSNH",35.17,-88.22,144,99999
"1288","Nashville","TN","KBNA",36.12,-86.68,180,72327
"1289","Chattanooga","TN","KCHA",35.03,-85.2,210,72324
"1290","Crossville","TN","KCSV",35.95,-85.08,573,99999
"1291","Dyersburg","TN","KDYR",36,-89.4,103,99999
"1292","Memphis","TN","KMEM",35.05,-90,87,72334
"1293","Jackson","TN","KMKL",35.6,-88.92,132,99999
"1294","Smyrna","TN","KMQY",36.02,-86.52,166,99999
"1295","Millington","TN","KNQA",35.35,-89.87,98,99999
"1296","Tri-Cities","TN","KTRI",36.48,-82.4,463,99999
"1297","Knoxville","TN","KTYS",35.82,-83.98,299,72326
"1298","Oak Ridge","TN","KOQT",36.02,-84.23,277,99999
"1299","Brenham","TX","K11R",30.22,-96.37,94,99999
"1300","Grand Prarie","TX","KGPM",32.7,-97.05,180,99999
"1301","Dryden","TX","K6R6",30.05,-102.21,708,99999
"1302","McKinney","TX","KTKI",33.18,-96.59,179,99999
"1303","Arlington","TX","KGKY",32.66,-97.09,192,99999
"1304","Corsicana","TX","KCRS",32.03,-96.4,137,99999
"1305","Terrell","TX","KTRL",32.71,-96.27,145,99999
"1306","New Braunfels","TX","KBAZ",29.7,-98.2,9999,99999
"1307","Abilene","TX","KABI",32.42,-99.68,546,72266
"1308","Waco","TX","KACT",31.62,-97.22,155,72256
"1309","Dallas Addison","TX","KADS",32.97,-96.83,196,99999
"1310","Fort Worth Alliance","TX","KAFW",32.98,-97.32,220,99999
"1311","Alice","TX","KALI",27.73,-98.03,54,99999
"1312","Amarillo","TX","KAMA",35.23,-101.7,1099,72363
"1313","Austin","TX","KATT",30.3,-97.7,189,99999
"1314","Austin Bergstrom","TX","KAUS",30.19,-97.67,165,72254
"1315","Borger","TX","KBGD",35.7,-101.4,9999,99999
"1316","Beaumont","TX","KBPT",29.95,-94.02,7,72241
"1317","Brownsville","TX","KBRO",25.9,-97.43,6,72250
"1318","Burnet","TX","KBMQ",30.74,-98.24,391,99999
"1319","Childress","TX","KCDS",34.43,-100.28,595,99999
"1320","College Station","TX","KCLL",30.58,-96.37,98,99999
"1321","Cotulla","TX","KCOT",28.45,-99.22,144,99999
"1322","Corpus Christi","TX","KCRP",27.77,-97.5,13,72251
"1323","Conroe","TX","KCXO",30.36,-95.41,75,99999
"1324","Dallas Love","TX","KDAL",32.85,-96.85,148,99999
"1325","Dallas/Ft Worth","TX","KDFW",32.9,-97.03,182,72259
"1326","Dalhart","TX","KDHT",36.02,-102.55,1216,99999
"1327","Del Rio Laughlin AFB","TX","KDLF",29.37,-100.78,330,99999
"1328","Del Rio","TX","KDRT",29.37,-100.92,307,72261
"1329","Denton","TX","KDTO",33.2,-97.18,197,99999
"1330","Georgetown","TX","KGTU",30.68,-97.68,240,99999
"1331","Houston Hooks","TX","KDWH",30.07,-95.55,46,99999
"1332","Houston Clover","TX","KLVJ",29.52,-95.24,13,99999
"1333","Abilene Dyess","TX","KDYS",32.43,-99.85,545,69019
"1334","Ellington Field","TX","KEFD",29.6,-95.17,10,99999
"1335","El Paso","TX","KELP",31.8,-106.4,1194,72270
"1336","Sherman-Denison","TX","KF39",33.72,-96.67,228,99999
"1337","Fort Stockton","TX","KFST",30.9,-102.9,9999,99999
"1338","Fort Worth","TX","KFTW",32.82,-97.37,216,99999
"1339","Guadalupe Pass","TX","KGDP",31.83,-104.8,1662,72262
"1340","Longview","TX","KGGG",32.35,-94.65,124,72247
"1341","Galveston","TX","KGLS",29.3,-94.8,16,72242
"1342","Fort Hood","TX","KGRK",31.07,-97.83,309,99999
"1343","Greenville","TX","KGVT",33.07,-96.07,163,99999
"1344","Hondo","TX","KHDO",29.35,-99.18,283,99999
"1345","Killeen/Ft Hood","TX","KHLR",31.15,-97.72,283,72257
"1346","Houston","TX","KHOU",29.65,-95.28,14,99999
"1347","Harlingen","TX","KHRL",26.23,-97.65,11,99999
"1348","Houston Intercontinental","TX","KIAH",29.97,-95.35,33,72243
"1349","Killeen","TX","KILE",31.08,-97.68,258,99999
"1350","Wink","TX","KINK",31.78,-103.2,859,99999
"1351","Junction","TX","KJCT",30.5,-99.77,522,74740
"1352","Lubbock","TX","KLBB",33.65,-101.82,988,72267
"1353","Angleton","TX","KLBX",29.12,-95.47,8,99999
"1354","Lufkin","TX","KLFK",31.23,-94.75,88,99999
"1355","Laredo","TX","KLRD",27.55,-99.47,155,72252
"1356","Midland","TX","KMAF",31.95,-102.18,872,72265
"1357","McAllen","TX","KMFE",26.18,-98.23,33,99999
"1358","Marfa","TX","KMRF",30.37,-104.02,1481,72264
"1359","Mineral Wells","TX","KMWL",32.78,-98.07,296,99999
"1360","Fort Worth NAS","TX","KNFW",32.77,-97.45,198,99999
"1361","Corpus Chr NAS","TX","KNGP",27.7,-97.28,6,99999
"1362","Kingsville NAS","TX","KNQI",27.5,-97.82,15,99999
"1363","Nacogdoches","TX","KOCH",31.58,-94.72,108,99999
"1364","Paris","TX","KPRX",33.63,-95.45,167,99999
"1365","Palacios","TX","KPSX",28.73,-96.25,5,99999
"1366","McGregor","TX","KPWG",31.48,-97.32,180,99999
"1367","Dallas Redbird","TX","KRBD",32.68,-96.87,201,99999
"1368","Rockport","TX","KRKP",28.08,-97.05,8,99999
"1369","Randolph AFB","TX","KRND",29.53,-98.28,232,99999
"1370","Sabine Pass","TX","KRPE",29.7,-93.95,3,99999
"1371","San Antonio","TX","KSAT",29.53,-98.47,242,72253
"1372","San Marcos","TX","KHYI",29.89,-97.86,182,99999
"1373","Stephenville","TX","KSEP",32.22,-98.18,402,72260
"1374","Houston Hull","TX","KSGR",29.62,-95.65,2,99999
"1375","San Angelo","TX","KSJT",31.37,-100.5,582,72263
"1376","Kelly AFB","TX","KSKF",29.38,-98.58,210,99999
"1377","Wichita Falls","TX","KSPS",33.98,-98.5,314,72351
"1378","San Antonio Stinson","TX","KSSF",29.33,-98.47,176,99999
"1379","Temple","TX","KTPL",31.15,-97.4,208,99999
"1380","Tyler","TX","KTYR",32.35,-95.4,166,99999
"1381","Huntsville","TX","KUTS",30.75,-95.99,144,99999
"1382","Victoria","TX","KVCT",28.85,-96.92,36,72255
"1383","Odessa","TX","KODO",31.92,-102.39,902,99999
"1384","Port Isabel","TX","KPIL",26.16,-97.33,5,99999
"1385","Blanding","UT","K4BL",37.62,-109.47,1840,99999
"1386","Hanksville","UT","K4HV",38.37,-110.72,1314,99999
"1387","Bryce Canyon","UT","KBCE",37.7,-112.15,2312,99999
"1388","Cedar City","UT","KCDC",37.7,-113.1,1714,99999
"1389","Wendover","UT","KENV",40.73,-114.03,1292,72581
"1390","Ogden Hill AFB","UT","KHIF",41.12,-111.97,1459,99999
"1391","Logan","UT","KLGU",41.78,-111.85,1358,99999
"1392","Milford","UT","KMLF",38.43,-113.01,1536,99999
"1393","Moab Airport","UT","KCNY",38.76,-109.75,1388,99999
"1394","Ogden","UT","KOGD",41.2,-112.02,1362,72575
"1395","Price","UT","KPUC",39.62,-110.75,1799,72470
"1396","Provo","UT","KPVU",40.22,-111.72,1369,99999
"1397","St. George","UT","KSGU",37.08,-113.6,896,99999
"1398","Salt Lake City","UT","KSLC",40.78,-111.97,1288,72572
"1399","Delta","UT","KU24",39.33,-112.58,1414,99999
"1400","Green River","UT","KU28",39,-110.17,1241,99999
"1401","Vernal","UT","KVEL",40.43,-109.52,1608,99999
"1402","Louisa","VA","KLKU",38.01,-77.97,150,99999
"1403","Orange","VA","KOMH",38.25,-78.05,142,99999
"1404","Chesapeake","VA","KCPK",36.66,-76.32,6,99999
"1405","Culpeper","VA","KCJR",38.53,-77.86,95,99999
"1406","Fredericksburg","VA","KEZF",38.27,-77.45,26,99999
"1407","Leesburg","VA","KJYO",39.08,-77.56,119,99999
"1408","Melfa","VA","KMFV",37.65,-75.76,15,99999
"1409","Marion","VA","KMKJ",36.89,-81.35,780,99999
"1410","Abingdon","VA","KVJI",36.69,-82.03,636,99999
"1411","Dublin","VA","KPSK",37.14,-80.68,642,99999
"1412","Martinsville","VA","KMTV",36.63,-80.01,287,99999
"1413","Blacksburg","VA","KBCB",37.21,-80.41,650,99999
"1414","Charlottesville","VA","KCHO",38.13,-78.45,195,99999
"1415","Fort Belvoir","VA","KDAA",38.72,-77.18,21,99999
"1416","Danville","VA","KDAN",36.57,-79.33,174,99999
"1417","Washington","DC","KDCA",38.85,-77.03,20,72405
"1418","Fort Eustis","VA","KFAF",37.13,-76.62,4,99999
"1419","Manassas","VA","KHEF",38.72,-77.52,59,99999
"1420","Hot Springs","VA","KHSP",37.95,-79.83,1156,99999
"1421","Dulles Airport","VA","KIAD",38.95,-77.45,98,72403
"1422","Langley AFB","VA","KLFI",37.08,-76.37,3,74598
"1423","Galax","VA","KHLX",36.77,-80.82,821,99999
"1424","Wise","VA","KLNP",36.98,-82.53,817,99999
"1425","Lynchburg","VA","KLYH",37.33,-79.2,286,72410
"1426","Norfolk NAS","VA","KNGU",36.93,-76.28,5,99999
"1427","Oceana NAS","VA","KNTU",36.82,-76.03,7,99999
"1428","Quantico","VA","KNYG",38.5,-77.3,4,99999
"1429","Richmond Hanover County","VA","KOFP",37.7,-77.43,63,99999
"1430","Norfolk","VA","KORF",36.9,-76.2,9,72308
"1431","Newport News","VA","KPHF",37.13,-76.5,13,99999
"1432","Petersburg","VA","KPTB",37.18,-77.51,59,99999
"1433","Richmond","VA","KRIC",37.5,-77.33,54,72401
"1434","Roanoke","VA","KROA",37.32,-79.97,358,72411
"1435","Franklin","VA","KFKN",36.7,-76.9,12,99999
"1436","Farmville","VA","KFVX",37.36,-78.44,125,99999
"1437","Winchester","VA","KOKV",39.14,-78.14,221,99999
"1438","South Hill","VA","KAVC",36.69,-78.05,134,99999
"1439","Staunton","VA","KSHD",38.27,-78.9,366,99999
"1440","Suffolk","VA","KSFQ",36.68,-76.6,22,99999
"1441","Wakefield","VA","KAKQ",36.99,-77,34,99999
"1442","Wallops Island","VA","KWAL",37.85,-75.48,3,72402
"1443","St. Johnsbury","VT","K1V4",44.42,-72.02,217,72614
"1444","Burlington","VT","KBTV",44.47,-73.15,104,72617
"1445","Montpelier","VT","KMPV",44.2,-72.57,355,99999
"1446","Morrisville","VT","KMVL",44.5,-72.62,234,99999
"1447","Rutland State","VT","KRUT",43.53,-72.95,240,99999
"1448","Springfield","VT","KVSF",43.35,-72.52,176,99999
"1449","Bennington","VT","KDDH",42.89,-73.25,244,99999
"1450","Deer Park","WA","KDEW",47.97,-117.43,668,99999
"1451","Walla Walla","WA","KALW",46.1,-118.28,367,72788
"1452","Arlington","WA","KAWO",48.17,-122.16,41,99999
"1453","Seattle Boeing","WA","KBFI",47.53,-122.3,5,99999
"1454","Colville","WA","KCQV",48.55,-117.88,572,99999
"1455","Bellingham","WA","KBLI",48.8,-122.53,48,99999
"1456","Port Angeles","WA","KCLM",48.12,-123.5,88,99999
"1457","Wenatchee","WA","KEAT",47.4,-120.2,379,99999
"1458","Ellensburg","WA","KELN",47.03,-120.53,538,99999
"1459","Ephrata","WA","KEPH",47.3,-119.52,388,99999
"1460","Friday Harbor","WA","KFHR",48.52,-123.02,33,99999
"1461","Spokane","WA","KGEG",47.63,-117.53,721,72785
"1462","Fort Lewis","WA","KGRF",47.08,-122.58,92,74207
"1463","Hanford","WA","KHMS",46.57,-119.6,223,72784
"1464","Hoquiam","WA","KHQM",46.97,-123.93,4,99999
"1465","Omak","WA","KOMK",48.46,-119.52,396,99999
"1466","Kelso-Longview","WA","KKLS",46.12,-122.9,5,99999
"1467","Moses Lake","WA","KMWH",47.2,-119.32,361,99999
"1468","Whidbey Island","WA","KNUW",48.35,-122.65,14,69023
"1469","Olympia","WA","KOLM",46.97,-122.9,61,72792
"1470","Everett","WA","KPAE",47.9,-122.28,185,99999
"1471","Pasco","WA","KPSC",46.27,-119.12,124,99999
"1472","Pullman","WA","KPUW",46.75,-117.12,778,99999
"1473","Bremerton","WA","KPWT",47.5,-122.75,147,99999
"1474","Renton","WA","KRNT",47.5,-122.22,9,99999
"1475","Seattle","WA","KSEA",47.45,-122.3,137,72793
"1476","Spokane Felts","WA","KSFF",47.68,-117.32,595,99999
"1477","Shelton","WA","KSHN",47.23,-123.15,85,99999
"1478","Spokane Fairchild","WA","KSKA",47.62,-117.65,750,99999
"1479","Stampede Pass","WA","KSMP",47.28,-121.33,1209,99999
"1480","Tacoma","WA","KTCM",47.13,-122.48,98,74206
"1481","Toledo","WA","KTDO",46.48,-122.8,113,99999
"1482","Tacoma Narrows","WA","KTIW",47.27,-122.58,89,99999
"1483","Quillayute","WA","KUIL",47.95,-124.55,62,72797
"1484","Vancouver","WA","KVUO",45.62,-122.66,10,99999
"1485","Yakima","WA","KYKM",46.57,-120.53,325,72781
"1486","New Richmond","WI","KRNH",45.15,-92.53,304,99999
"1487","Merrill","WI","KRRL",45.2,-89.71,401,99999
"1488","Prarie Du Chien","WI","KPDC",43.02,-91.12,201,99999
"1489","Clintonville","WI","KCLI",44.61,-88.73,250,99999
"1490","Boscobel","WI","KOVS",43.16,-90.68,202,99999
"1491","Superior","WI","KDYT",46.72,-92.04,186,99999
"1492","Juneau","WI","KUNU",43.43,-88.7,285,99999
"1493","Mineral Point","WI","KMRJ",42.89,-90.23,359,99999
"1494","Eagle River","WI","KEGV",45.93,-89.27,500,99999
"1495","Antigo","WI","KAIG",45.15,-89.12,456,99999
"1496","Minocqua","WI","KARV",45.93,-89.73,496,99999
"1497","Appleton","WI","KATW",44.25,-88.52,280,99999
"1498","West Bend","WI","KETB",43.42,-88.13,270,99999
"1499","Wausau","WI","KAUW",44.93,-89.63,366,99999
"1500","Mosinee","WI","KCWA",44.78,-89.67,389,99999
"1501","Baraboo","WI","KDLL",43.7,-89.8,298,99999
"1502","Eau Claire","WI","KEAU",44.87,-91.48,276,99999
"1503","Fond du Lac","WI","KFLD",43.77,-88.49,318,99999
"1504","Green Bay","WI","KGRB",44.48,-88.13,214,72645
"1505","Hayward","WI","KHYR",46.02,-91.45,370,99999
"1506","Wisconsin Rapids","WI","KISW",44.44,-89.83,308,99999
"1507","Janesville","WI","KJVL",42.62,-89.03,246,99999
"1508","Kenosha","WI","KENW",42.6,-87.93,227,99999
"1509","Lone Rock","WI","KLNR",43.22,-90.18,219,99999
"1510","La Crosse","WI","KLSE",43.87,-91.25,202,72643
"1511","Marshfield","WI","KMFI",44.63,-90.18,380,99999
"1512","Milwaukee","WI","KMKE",42.95,-87.9,211,72640
"1513","Madison","WI","KMSN",43.13,-89.33,264,72641
"1514","Manitowoc","WI","KMTW",44.13,-87.68,198,99999
"1515","Medford","WI","KMDZ",45.1,-90.3,448,99999
"1516","Milwaukee Timmerman","WI","KMWC",43.12,-88.03,227,99999
"1517","Monroe","WI","KEFT",42.61,-89.59,331,99999
"1518","Osceola","WI","KOEO",45.31,-92.69,903,99999
"1519","Oshkosh","WI","KOSH",43.98,-88.55,246,99999
"1520","Phillips","WI","KPBH",45.7,-90.4,449,99999
"1521","Racine","WI","KRAC",42.76,-87.81,205,99999
"1522","Rhinelander","WI","KRHI",45.63,-89.47,495,99999
"1523","Rice Lake","WI","KRPD",45.48,-91.72,347,99999
"1524","Sheboygan","WI","KSBM",43.77,-87.85,295,99999
"1525","Stevens Point","WI","KSTE",44.55,-89.53,338,99999
"1526","Sturgeon Bay","WI","KSUE",44.85,-87.42,221,99999
"1527","Superior","WI","KSUW",46.68,-92.1,202,99999
"1528","Watertown","WI","KRYV",43.17,-88.72,254,99999
"1529","Waukesha","WI","KUES",43.02,-88.14,285,99999
"1530","Volk","WI","KVOK",43.93,-90.27,277,99999
"1531","Ashland","WI","KASX",46.55,-90.92,251,99999
"1532","Petersburg","WV","KW99",38.99,-79.14,293,99999
"1533","Beckley","WV","KBKW",37.78,-81.12,766,72412
"1534","Bluefield","WV","KBLF",37.3,-81.2,871,99999
"1535","Clarksburg","WV","KCKB",39.3,-80.23,367,99999
"1536","Charleston","WV","KCRW",38.37,-81.6,299,72414
"1537","Elkins","WV","KEKN",38.88,-79.85,609,72417
"1538","Wheeling","WV","KHLG",40.18,-80.65,365,99999
"1539","Huntington","WV","KHTS",38.37,-82.55,255,72425
"1540","Lewisburg","WV","KLWB",37.87,-80.4,702,99999
"1541","Morgantown","WV","KMGW",39.65,-79.92,380,99999
"1542","Martinsburg","WV","KMRB",39.4,-77.98,170,99999
"1543","Parkersburg","WV","KPKB",39.35,-81.43,262,99999
"1544","Arlington","WY","KARL",41.71,-106.21,2194,99999
"1545","Belle Fourche","WY","KBFU",43.93,-105.44,1432,99999
"1546","Bitter Creek","WY","KBIT",41.64,-108.58,2176,99999
"1547","Bordeaux","WY","KBRX",41.92,-104.94,1432,99999
"1548","Beaver Rim","WY","KBVR",42.58,-108.28,2042,99999
"1549","Chief Joseph","WY","KCHJ",44.75,-109.37,2529,99999
"1550","Cemetery Separation","WY","KCMS",41.53,-109.46,1962,99999
"1551","Continental Divide","WY","KCTD",41.71,-107.78,2145,99999
"1552","Dead Horse","WY","KDHS",44.21,-106.1,1249,99999
"1553","Deer Creek","WY","KDRC",42.83,-105.86,1554,99999
"1554","First Divide","WY","KFIR",41.29,-110.77,2310,99999
"1555","Gunbarrel","WY","KGUN",41.43,-104.34,1706,99999
"1556","Hiland","WY","KHLD",43.09,-107.32,1859,99999
"1557","I-25 Divide","WY","KIDV",43.94,-106.64,1542,99999
"1558","Inyan Kara","WY","KIKA",44.29,-104.62,1328,99999
"1559","Meeteese Rim","WY","KMTR",44.27,-108.87,1816,99999
"1560","Pathfinder Hill","WY","KPAT",42.56,-106.85,1926,99999
"1561","Piney Creek","WY","KPIN",44.53,-106.81,1402,99999
"1562","Pumpkin Vine","WY","KPUM",41.05,-105.46,2438,99999
"1563","Rim","WY","KRIM",43.1,-110.32,2310,99999
"1564","Sage","WY","KSGE",41.79,-110.5,2371,99999
"1565","Shute Creek","WY","KSHC",41.93,-109.96,2058,99999
"1566","Sibley Peak","WY","KSIB",42.44,-105.03,1511,99999
"1567","Skyline","WY","KSKL",41.13,-106.56,2468,99999
"1568","Twenty Mile Hill","WY","KTMH",43.12,-106.33,1755,99999
"1569","Vedauwoo","WY","KVDW",41.15,-105.4,2560,99999
"1570","Whitaker","WY","KWTR",41.41,-104.87,1890,99999
"1571","Torrington","WY","KTOR",42.06,-104.15,1282,99999
"1572","Douglas","WY","KDGW",42.75,-105.38,1477,99999
"1573","Big Piney","WY","KBPI",42.57,-110.1,2124,72671
"1574","Cody","WY","KCOD",44.52,-109.02,1553,72670
"1575","Casper","WY","KCPR",42.92,-106.47,1612,72569
"1576","Cheyenne","WY","KCYS",41.15,-104.82,1872,72564
"1577","Evanston","WY","KEVW",41.28,-111.03,2183,99999
"1578","Gillette","WY","KGCC",44.35,-105.53,1230,72665
"1579","Jackson","WY","KJAC",43.6,-110.73,1964,99999
"1580","Laramie","WY","KLAR",41.32,-105.67,2218,99999
"1581","Lander","WY","KLND",42.82,-108.73,1694,72576
"1582","Yellowstone","WY","KP60",44.55,-110.42,2368,99999
"1583","Riverton","WY","KRIW",43.07,-108.47,1684,99999
"1584","Rock Springs","WY","KRKS",41.6,-109.07,2060,99999
"1585","Rawlins","WY","KRWL",41.8,-107.2,2077,99999
"1586","Sheridan","WY","KSHR",44.77,-106.97,1209,72666
"1587","Worland","WY","KWRL",43.97,-107.95,1294,99999
"1588","Buffalo","WY","KBYG",44.38,-106.72,1497,99999
"1589","Greybull","WY","KGEY",44.52,-108.08,1191,99999
"1590","Roosevelt Roads","PR","TJNR",18.25,-65.63,12,78535
"1591","San Juan","PR","TJSJ",18.43,-66,19,78526
"1592","Ponce","PR","TJPS",18.02,-66.57,9,99999
"1593","Aquadilla","PR","TJBQ",18.5,-67.13,69,78514
"1594","Mayaguez","PR","TJMZ",18.25,-67.15,9,99999
"1595","St. Thomas","VI","TIST",18.33,-64.97,67,78543
"1596","St. Croix","VI","TISX",17.7,-64.8,17,78547
"1597","Beef Island","VI","TUPJ",18.43,-65.45,15,99999
"1598","Agana","GU","PGUM",13.48,144.8,82,91212
"1599","Andersen AFB","GU","PGUA",13.57,144.91,162,91218
"1600","Rota","MP","PGRO",14.17,145.25,179,91221
"1601","Saipan","MP","PGSN",15.12,145.72,4,91232
"1602","Peipeinimaru","MP","PGWT",20.05,145.22,13,99999
